/*
 Navicat MySQL Data Transfer

 Source Server         : sirenDB
 Source Server Type    : MySQL
 Source Server Version : 50717
 Source Host           : localhost
 Source Database       : shopStore

 Target Server Type    : MySQL
 Target Server Version : 50717
 File Encoding         : utf-8

 Date: 06/16/2021 11:11:45 AM
*/

SET NAMES utf8;
SET FOREIGN_KEY_CHECKS = 0;

-- ----------------------------
--  Table structure for `account`
-- ----------------------------
DROP TABLE IF EXISTS `account`;
CREATE TABLE `account` (
  `id` int(11) NOT NULL AUTO_INCREMENT,
  `username` varchar(45) NOT NULL,
  `amount` double(11,0) NOT NULL COMMENT '账户余额',
  `source` varchar(255) NOT NULL COMMENT '财富来源：注册赠送 或者 个人充值 或者 商城消费',
  `updtime` datetime DEFAULT NULL,
  PRIMARY KEY (`id`) USING BTREE
) ENGINE=InnoDB AUTO_INCREMENT=324 DEFAULT CHARSET=utf8 ROW_FORMAT=COMPACT;

-- ----------------------------
--  Records of `account`
-- ----------------------------
BEGIN;
INSERT INTO `account` VALUES ('134', '17767746537', '5000', '充值', '2019-09-05 10:55:59'), ('135', '17767746537', '-130', '商城消费', '2019-09-05 10:56:43'), ('136', '17767746537', '-130', '商城消费', '2019-09-05 10:57:38'), ('137', '17767746537', '-130', '商城消费', '2019-09-05 10:57:54'), ('138', '17767746537', '-130', '商城消费', '2019-09-05 10:59:12'), ('139', '17767746537', '-98', '商城消费', '2019-09-05 11:02:39'), ('140', '17767746537', '-196', '商城消费', '2019-09-05 11:03:12'), ('141', '17767746537', '-196', '商城消费', '2019-09-05 11:05:04'), ('142', '17767746537', '-196', '商城消费', '2019-09-05 11:05:06'), ('143', '17767746537', '-20', '商城消费', '2019-09-05 11:09:08'), ('144', '17767746537', '-130', '商城消费', '2019-09-05 11:16:48'), ('145', '17767746537', '-130', '商城消费', '2019-09-05 11:18:54'), ('146', '17767746537', '-130', '商城消费', '2019-09-05 11:19:13'), ('147', '17767746537', '-150', '商城消费', '2019-09-05 11:19:59'), ('148', '17767746537', '-150', '商城消费', '2019-09-05 11:20:01'), ('149', '17767746537', '-450', '商城消费', '2019-09-05 11:22:32'), ('150', '17767746537', '1', '充值', '2019-09-05 11:22:48'), ('151', '17767746537', '-98', '商城消费', '2019-09-05 13:03:15'), ('152', '17767746537', '-196', '商城消费', '2019-09-05 13:04:05'), ('153', '17767746537', '-98', '商城消费', '2019-09-05 13:06:08'), ('154', '17767746537', '-98', '商城消费', '2019-09-05 13:07:07'), ('155', '17767746537', '-98', '商城消费', '2019-09-05 13:09:15'), ('156', '17767746537', '-196', '商城消费', '2019-09-05 13:10:19'), ('157', '17767746537', '-196', '商城消费', '2019-09-05 13:10:53'), ('158', '17767746537', '-320', '商城消费', '2019-09-05 13:11:36'), ('159', '17767746537', '-320', '商城消费', '2019-09-05 13:12:14'), ('160', '17767746537', '-320', '商城消费', '2019-09-05 13:13:00'), ('161', '17767746537', '-78', '商城消费', '2019-09-05 13:13:39'), ('162', '17767746537', '-78', '商城消费', '2019-09-05 13:14:40'), ('163', '17767746537', '-78', '商城消费', '2019-09-05 13:15:39'), ('164', '17767746537', '-320', '商城消费', '2019-09-05 13:18:04'), ('165', '17767746537', '-78', '商城消费', '2019-09-05 13:19:52'), ('166', '17767746537', '2000', '充值', '2019-09-05 13:27:11'), ('167', '17767746537', '-196', '商城消费', '2019-09-05 13:27:30'), ('168', '17767746537', '-320', '商城消费', '2019-09-05 13:31:09'), ('169', '17767746537', '-196', '商城消费', '2019-09-05 13:31:33'), ('170', '17767746537', '-98', '商城消费', '2019-09-05 13:32:03'), ('171', '17767746537', '-196', '商城消费', '2019-09-05 13:40:38'), ('172', '17767746537', '-196', '商城消费', '2019-09-05 13:44:48'), ('173', '17767746537', '-130', '商城消费', '2019-09-05 13:46:29'), ('174', '17767746537', '-320', '商城消费', '2019-09-05 13:47:19'), ('175', '17767746537', '-98', '商城消费', '2019-09-05 13:48:52'), ('176', '17767746537', '-196', '商城消费', '2019-09-05 13:50:15'), ('177', '17767746537', '200', '充值', '2019-09-05 14:01:32'), ('178', '17767746537', '123123', '充值', '2019-09-05 14:35:38'), ('179', '17767746537', '-17182', '商城消费', '2019-09-05 14:35:44'), ('180', '17767746537', '-3120', '商城消费', '2019-09-05 14:45:23'), ('181', '17767746537', '-10780', '商城消费', '2019-09-05 14:45:46'), ('182', '17767746537', '60000', '充值', '2019-09-05 14:46:20'), ('183', '17767746537', '20000', '充值', '2019-09-05 14:46:39'), ('184', '17767746537', '20000', '充值', '2019-09-05 14:46:50'), ('185', '17767746537', '20000', '充值', '2019-09-05 14:46:57'), ('186', '17767746537', '-195804', '商城消费', '2019-09-05 14:47:00'), ('187', '17767746537', '50000', '充值', '2019-09-05 14:47:24'), ('188', '17767746537', '2', '充值', '2019-09-05 14:48:07'), ('189', '17767746537', '2', '充值', '2019-09-05 14:49:08'), ('190', '17767746537', '8', '充值', '2019-09-05 14:49:50'), ('191', '17767746537', '3', '充值', '2019-09-05 14:50:30'), ('192', '17767746537', '8', '充值', '2019-09-05 14:51:44'), ('193', '17767746537', '-2790', '商城消费', '2019-09-05 14:53:27'), ('194', '17767746537', '-19600', '商城消费', '2019-09-05 14:54:03'), ('195', '17767746537', '-39200', '商城消费', '2019-09-05 14:54:21'), ('196', '17767746537', '100000', '充值', '2019-09-05 14:54:49'), ('197', '17767746537', '-39200', '商城消费', '2019-09-05 14:54:54'), ('198', '17767746537', '2', '充值', '2019-09-05 14:55:05'), ('199', '17767746537', '-39200', '商城消费', '2019-09-05 14:55:51'), ('200', '17767746537', '200000', '充值', '2019-09-05 14:56:26'), ('201', '17767746537', '200000', '充值', '2019-09-05 14:57:42'), ('202', '17767746537', '-319680', '商城消费', '2019-09-05 14:57:48'), ('203', '17767746537', '1', '充值', '2019-09-05 14:58:02'), ('204', '17767746537', '-98', '商城消费', '2019-09-05 14:58:54'), ('205', '17767746537', '3', '充值', '2019-09-05 15:00:23'), ('206', '17767746537', '5', '充值', '2019-09-05 15:01:28'), ('207', '17767746537', '6', '充值', '2019-09-05 15:03:19'), ('208', '17767746537', '1', '充值', '2019-09-05 16:03:58'), ('209', '17767746537', '1', '充值', '2019-09-05 16:04:04'), ('210', '17767746537', '1', '充值', '2019-09-05 16:23:21'), ('211', '17767746537', '200000', '充值', '2019-09-05 17:17:27'), ('212', '17767746537', '-248208', '商城消费', '2019-09-05 17:17:35'), ('213', '17767746537', '-130', '商城消费', '2019-09-05 17:18:05'), ('214', '17767746537', '-524', '商城消费', '2019-09-06 12:45:07'), ('215', '17767746537', '-620', '商城消费', '2019-09-06 13:00:14'), ('216', '17767746537', '1', '充值', '2019-09-09 10:59:38'), ('217', '17767746537', '1', '充值', '2019-09-09 11:05:53'), ('218', '17767746537', '-130', '商城消费', '2019-09-09 11:08:30'), ('219', '17767746537', '-98', '商城消费', '2019-09-10 13:18:49'), ('220', '17767746537', '-358', '商城消费', '2019-09-11 13:46:01'), ('221', '17767746537', '-130', '商城消费', '2019-09-11 13:49:07'), ('222', '17767746537', '-98', '商城消费', '2019-09-11 13:50:56'), ('223', '17767746537', '-98', '商城消费', '2019-09-11 13:51:42'), ('224', '17767746537', '-98', '商城消费', '2019-09-11 13:52:02'), ('225', '17767746537', '-98', '商城消费', '2019-09-11 13:55:33'), ('226', '17767746537', '-98', '商城消费', '2019-09-11 13:59:05'), ('227', '17767746537', '-178', '商城消费', '2019-09-11 14:06:01'), ('228', '17767746537', '-130', '商城消费', '2019-09-11 14:09:29'), ('229', '17767746537', '-130', '商城消费', '2019-09-11 14:11:20'), ('230', '17767746537', '-130', '商城消费', '2019-09-11 14:15:47'), ('231', '17767746537', '-98', '商城消费', '2019-09-11 14:17:24'), ('232', '17767746537', '-98', '商城消费', '2019-09-12 09:58:57'), ('233', '17767746537', '-260', '商城消费', '2019-09-24 13:35:23'), ('234', '17767746537', '123', '充值', '2019-09-24 15:25:00'), ('235', '17767746537', '123132', '充值', '2019-09-25 11:13:51'), ('236', '17767746537', '-146', '商城消费', '2019-09-25 14:52:48'), ('237', '17767746537', '-260', '商城消费', '2019-09-25 16:27:34'), ('238', '17767746537', '-98', '商城消费', '2019-09-25 16:31:00'), ('239', '17767746537', '-98', '商城消费', '2019-09-25 16:31:46'), ('240', '17767746537', '-98', '商城消费', '2019-09-25 16:32:11'), ('241', '13898940294', '0', '注册赠送', '2019-10-18 07:51:29'), ('242', '13898940294', '100', '充值', '2019-10-21 01:38:04'), ('243', '13898940294', '10000', '充值', '2019-10-21 02:05:30'), ('244', '13898940294', '10000', '充值', '2019-10-21 10:53:12'), ('245', '15140610921', '0', '注册赠送', '2019-10-24 16:39:20'), ('246', '15140610921', '800', '充值', '2019-10-24 16:54:57'), ('247', '15140610921', '800', '充值', '2019-10-24 16:55:03'), ('248', '15140610921', '70000', '充值', '2019-10-24 17:12:32'), ('249', '15140610821', '0', '注册赠送', '2019-10-24 17:16:41'), ('250', '15140610821', '8000', '充值', '2019-10-24 17:18:34'), ('251', '15140610000', '0', '注册赠送', '2019-10-25 17:01:11'), ('252', '15140610000', '100000', '充值', '2019-10-25 17:02:06'), ('253', '15140620965', '1000', '注册赠送', '2019-12-06 16:27:24'), ('254', '15140620965', '-24', '商城消费', '2019-12-06 16:30:32'), ('255', '15140620965', '-24', '商城消费', '2019-12-06 16:30:34'), ('256', '15140670967', '1000', '注册赠送', '2019-12-06 16:31:56'), ('257', '15140670967', '80000', '充值', '2019-12-06 16:32:49'), ('258', '15140670967', '-56', '商城消费', '2019-12-06 16:36:37'), ('259', '15140670967', '-56', '商城消费', '2019-12-06 16:36:39'), ('260', '15140680968', '0', '注册赠送', '2019-12-06 16:43:47'), ('261', '15140680968', '9000', '充值', '2019-12-06 16:46:34'), ('262', '15140680968', '-112', '商城消费', '2019-12-06 16:48:09'), ('263', '15140670967', '600', '充值', '2019-12-09 13:23:21'), ('264', '15140670967', '300', '充值', '2019-12-09 13:24:23'), ('265', '15140670967', '200', '充值', '2019-12-09 13:30:35'), ('266', '15140670967', '1000', '充值', '2019-12-09 13:30:47'), ('267', '15140670967', '-240', '商城消费', '2019-12-09 13:35:47'), ('268', '15140670967', '-240', '商城消费', '2019-12-09 13:37:05'), ('269', '15140670967', '-240', '商城消费', '2019-12-09 13:37:07'), ('270', '15140670967', '-280', '商城消费', '2019-12-09 14:10:49'), ('271', '15140670967', '-280', '商城消费', '2019-12-09 14:10:51'), ('272', '15140670967', '-360', '商城消费', '2019-12-09 14:11:20'), ('273', '15140670967', '-360', '商城消费', '2019-12-09 14:11:22'), ('274', '15140670967', '-360', '商城消费', '2019-12-09 14:12:26'), ('275', '15140670967', '-900', '商城消费', '2019-12-09 14:26:36'), ('276', '15140670967', '-900', '商城消费', '2019-12-09 14:26:45'), ('277', '15140270927', '700', '注册赠送', '2019-12-09 14:49:33'), ('278', '15140210001', '700', '注册赠送', '2019-12-09 14:50:00'), ('279', '15140210002', '700', '注册赠送', '2019-12-09 14:51:14'), ('280', '15140210003', '700', '注册赠送', '2019-12-09 14:56:00'), ('281', '15140210005', '700', '注册赠送', '2019-12-09 15:07:38'), ('282', '15140210006', '0', '注册赠送', '2019-12-09 16:23:39'), ('283', '15140210006', '800', '充值', '2019-12-09 16:24:52'), ('284', '15140210006', '20000', '充值', '2019-12-09 16:25:13'), ('285', '15140210006', '-162', '商城消费', '2019-12-09 16:26:44'), ('286', '15140210007', '700', '注册赠送', '2019-12-09 16:39:24'), ('287', '15140210007', '6000', '充值', '2019-12-09 16:52:01'), ('288', '15140210007', '-360', '商城消费', '2019-12-09 16:52:29'), ('289', '15140210007', '-360', '商城消费', '2019-12-09 16:52:31'), ('290', '15140210006', '-36', '商城消费', '2019-12-10 09:37:25'), ('291', '15140210007', '-196', '商城消费', '2019-12-10 13:06:16'), ('292', '15140210007', '-196', '商城消费', '2019-12-10 13:06:16'), ('293', '15140210007', '-196', '商城消费', '2019-12-10 13:06:18'), ('294', '15140210011', '0', '注册赠送', '2019-12-10 14:59:26'), ('295', '15140210011', '80000', '充值', '2019-12-10 15:00:35'), ('296', '15140210011', '-196', '商城消费', '2019-12-10 15:01:23'), ('297', '15140210007', '70000', '充值', '2019-12-10 15:03:10'), ('298', '15140210012', '700', '注册赠送', '2019-12-10 15:06:43'), ('299', '15140210012', '-36', '商城消费', '2019-12-10 15:11:08'), ('300', '15140210012', '-36', '商城消费', '2019-12-10 15:11:10'), ('301', '15140210015', '700', '注册赠送', '2019-12-12 16:38:23'), ('302', '15140210016', '700', '注册赠送', '2019-12-12 16:43:23'), ('303', '15140210017', '700', '注册赠送', '2019-12-12 16:49:45'), ('304', '15140210017', '-104', '商城消费', '2019-12-12 16:53:19'), ('305', '15140210017', '-104', '商城消费', '2019-12-12 16:53:21'), ('306', '15140210017', '-28', '商城消费', '2019-12-12 16:55:48'), ('307', '15140210017', '-28', '商城消费', '2019-12-12 16:55:50'), ('308', '15140210017', '-36', '商城消费', '2019-12-12 17:13:46'), ('309', '15140210017', '-36', '商城消费', '2019-12-12 17:13:48'), ('310', '15140210017', '-28', '商城消费', '2019-12-12 17:17:54'), ('311', '15140210017', '-28', '商城消费', '2019-12-12 17:17:56'), ('312', '15140210019', '700', '注册赠送', '2019-12-13 11:34:00'), ('313', '15140210020', '700', '注册赠送', '2019-12-13 11:35:49'), ('314', '15140210022', '700', '注册赠送', '2019-12-13 11:42:37'), ('315', '17767746537', '-24', '商城消费', '2020-12-15 09:11:32'), ('316', '17767746537', '-24', '商城消费', '2020-12-15 09:11:34'), ('317', '17767746537', '-20', '商城消费', '2020-12-15 10:05:07'), ('318', '17767746537', '-24', '商城消费', '2020-12-15 10:07:09'), ('319', '17767746537', '-24', '商城消费', '2020-12-15 10:07:11'), ('320', '17767746537', '-64', '商城消费', '2020-12-15 10:10:43'), ('321', '17767746537', '-24', '商城消费', '2020-12-15 10:11:29'), ('322', '123456', '100', '充值', null), ('323', '12345678', '1000', '充值', '2021-05-04 10:03:42');
COMMIT;

-- ----------------------------
--  Table structure for `ad`
-- ----------------------------
DROP TABLE IF EXISTS `ad`;
CREATE TABLE `ad` (
  `id` int(11) NOT NULL AUTO_INCREMENT,
  `sort_order` int(11) NOT NULL,
  `url` varchar(255) NOT NULL,
  `image` varchar(255) NOT NULL,
  `category_id` int(11) NOT NULL,
  PRIMARY KEY (`id`) USING BTREE
) ENGINE=InnoDB AUTO_INCREMENT=22 DEFAULT CHARSET=utf8 ROW_FORMAT=DYNAMIC;

-- ----------------------------
--  Records of `ad`
-- ----------------------------
BEGIN;
INSERT INTO `ad` VALUES ('18', '2', 'czsc', '/resources/upload/0403524601a34f6299a732759e236579.jpg', '1'), ('20', '3', 'czsc', '/resources/upload/73edb3e77b21498d888f57583c60a964.jpg', '1'), ('21', '1', 'eqe', '/resources/upload/02858a627e624d6f8bc9099e991d10b9.jpg', '1');
COMMIT;

-- ----------------------------
--  Table structure for `advert`
-- ----------------------------
DROP TABLE IF EXISTS `advert`;
CREATE TABLE `advert` (
  `id` int(11) NOT NULL AUTO_INCREMENT COMMENT '广告id',
  `sort_id` int(11) NOT NULL COMMENT '排序id',
  `url` varchar(255) DEFAULT NULL COMMENT '图片名称',
  `image` varchar(255) DEFAULT NULL COMMENT '图片地址',
  PRIMARY KEY (`id`) USING BTREE
) ENGINE=InnoDB AUTO_INCREMENT=5 DEFAULT CHARSET=utf8 ROW_FORMAT=COMPACT;

-- ----------------------------
--  Records of `advert`
-- ----------------------------
BEGIN;
INSERT INTO `advert` VALUES ('3', '4', '优乐美', '/resources/upload/f52cf0ee536a44db9fabedb14e9f9ee3.jpg'), ('4', '5', '冰红茶', '/resources/upload/2019-10-22/073449ef7c27359aedcdb08984ba3698.jpg');
COMMIT;

-- ----------------------------
--  Table structure for `article`
-- ----------------------------
DROP TABLE IF EXISTS `article`;
CREATE TABLE `article` (
  `id` int(5) NOT NULL AUTO_INCREMENT,
  `content` text COLLATE utf8_bin,
  `category` varchar(5) COLLATE utf8_bin DEFAULT NULL,
  `update_time` datetime DEFAULT NULL,
  `update_user_id` varchar(50) COLLATE utf8_bin DEFAULT NULL,
  `title` varchar(255) COLLATE utf8_bin DEFAULT NULL,
  PRIMARY KEY (`id`) USING BTREE
) ENGINE=InnoDB AUTO_INCREMENT=57 DEFAULT CHARSET=utf8 COLLATE=utf8_bin ROW_FORMAT=COMPACT;

-- ----------------------------
--  Records of `article`
-- ----------------------------
BEGIN;
INSERT INTO `article` VALUES ('54', '<p>订单管理已经上线</p>', '21', '2019-10-08 15:55:04', 'admin', '订单管理已经上线'), ('55', '<p><strong>物流&nbsp;</strong><br/></p>', '22', '2019-11-28 15:04:37', 'admin', '物流管理测试'), ('56', '<p>系统切换 服务器，10日 0:00 - 0：30 停止营业</p>', '21', '2019-12-09 16:18:02', 'admin', '系统切换');
COMMIT;

-- ----------------------------
--  Table structure for `article_category`
-- ----------------------------
DROP TABLE IF EXISTS `article_category`;
CREATE TABLE `article_category` (
  `category_id` int(5) NOT NULL AUTO_INCREMENT,
  `category_name` varchar(255) COLLATE utf8_bin DEFAULT NULL,
  `update_user_id` varchar(50) COLLATE utf8_bin DEFAULT NULL,
  `update_time` datetime DEFAULT NULL,
  PRIMARY KEY (`category_id`) USING BTREE
) ENGINE=InnoDB AUTO_INCREMENT=25 DEFAULT CHARSET=utf8 COLLATE=utf8_bin ROW_FORMAT=COMPACT;

-- ----------------------------
--  Records of `article_category`
-- ----------------------------
BEGIN;
INSERT INTO `article_category` VALUES ('21', '系统公告', 'admin', '2019-09-11 08:29:33'), ('22', '商家公告', 'admin', '2019-09-11 08:29:39'), ('23', '客户公告', 'admin', '2019-09-11 08:29:49'), ('24', '特惠促销', 'admin', '2019-11-28 15:08:15');
COMMIT;

-- ----------------------------
--  Table structure for `brand`
-- ----------------------------
DROP TABLE IF EXISTS `brand`;
CREATE TABLE `brand` (
  `id` int(11) NOT NULL AUTO_INCREMENT COMMENT 'id',
  `brand_name` varchar(255) DEFAULT NULL COMMENT '品牌名称',
  `brand_logo` varchar(255) DEFAULT NULL COMMENT '品牌logo地址',
  `initials` varchar(255) DEFAULT NULL COMMENT '首字母',
  `make_date` datetime DEFAULT NULL COMMENT '创建时间 ',
  `modify_date` datetime DEFAULT NULL COMMENT '修改时间',
  PRIMARY KEY (`id`) USING BTREE
) ENGINE=InnoDB AUTO_INCREMENT=12 DEFAULT CHARSET=utf8 ROW_FORMAT=COMPACT;

-- ----------------------------
--  Records of `brand`
-- ----------------------------
BEGIN;
INSERT INTO `brand` VALUES ('1', '海尔', '', 'H', '2019-05-14 15:24:19', null), ('2', '乐视', '', 'L', '2019-05-14 15:24:24', null), ('3', '小米', '/resources/brandLogo/xiaomi.jpg', 'X', '2019-05-14 15:24:27', null), ('5', 'OPPO', null, 'O', '2019-05-14 15:24:32', null), ('6', '戴尔', null, 'D', '2019-05-14 15:24:35', null), ('7', '百雀羚', null, 'B', '2019-05-14 15:24:39', null), ('10', '格力', null, 'G', '2019-05-14 15:24:51', null), ('11', '康佳', null, 'K', '2019-05-14 15:24:54', null);
COMMIT;

-- ----------------------------
--  Table structure for `cart`
-- ----------------------------
DROP TABLE IF EXISTS `cart`;
CREATE TABLE `cart` (
  `id` varchar(255) NOT NULL,
  `product_id` int(11) DEFAULT NULL,
  `user_id` int(11) DEFAULT NULL,
  `quantity` varchar(255) DEFAULT NULL,
  `sku_id` int(11) DEFAULT NULL,
  `optionValueKeyGroup` varchar(255) DEFAULT NULL,
  `json_data` varchar(255) DEFAULT NULL,
  `create_time` datetime DEFAULT NULL,
  PRIMARY KEY (`id`) USING BTREE
) ENGINE=InnoDB DEFAULT CHARSET=utf8 ROW_FORMAT=COMPACT;

-- ----------------------------
--  Records of `cart`
-- ----------------------------
BEGIN;
INSERT INTO `cart` VALUES ('I2020122200001', '1032', '554', '1', '390', '20', '尺码:XXL', '2020-12-22 15:18:34');
COMMIT;

-- ----------------------------
--  Table structure for `comments`
-- ----------------------------
DROP TABLE IF EXISTS `comments`;
CREATE TABLE `comments` (
  `id` int(5) NOT NULL AUTO_INCREMENT,
  `user_id` int(5) NOT NULL,
  `product_id` int(5) NOT NULL,
  `content` text COLLATE utf8_bin,
  `audit` int(1) DEFAULT NULL,
  `stars` int(1) DEFAULT NULL,
  `create_time` datetime DEFAULT NULL,
  PRIMARY KEY (`id`) USING BTREE
) ENGINE=InnoDB AUTO_INCREMENT=3 DEFAULT CHARSET=utf8 COLLATE=utf8_bin ROW_FORMAT=COMPACT;

-- ----------------------------
--  Records of `comments`
-- ----------------------------
BEGIN;
INSERT INTO `comments` VALUES ('1', '123518', '934', '123', '0', '0', '2019-10-19 07:14:29'), ('2', '123523', '946', '葫芦卜很新鲜', '1', '5', '2019-12-06 16:35:39');
COMMIT;

-- ----------------------------
--  Table structure for `consignor`
-- ----------------------------
DROP TABLE IF EXISTS `consignor`;
CREATE TABLE `consignor` (
  `id` int(11) NOT NULL AUTO_INCREMENT,
  `user_id` int(11) DEFAULT NULL COMMENT '用户id',
  `receiving_name` varchar(255) DEFAULT NULL COMMENT '抬头名称   公司/个人',
  `consignor_id` varchar(50) DEFAULT NULL COMMENT '纳税人识别号',
  `opening_bank` varchar(255) DEFAULT NULL COMMENT '开户银行   公司',
  `bank_account` varchar(255) DEFAULT NULL COMMENT '银行账号   公司',
  `business_address` varchar(255) DEFAULT NULL COMMENT '企业地址   公司',
  `enterprise_phone` varchar(255) DEFAULT NULL COMMENT '企业电话   公司',
  `create_time` datetime DEFAULT NULL COMMENT '创建时间',
  `type` int(2) NOT NULL COMMENT '发票类型    0：个人    1：公司',
  `stauts` int(2) NOT NULL COMMENT '设为默认   0：无   1：有',
  `test` varchar(255) DEFAULT NULL,
  PRIMARY KEY (`id`) USING BTREE
) ENGINE=InnoDB AUTO_INCREMENT=2 DEFAULT CHARSET=utf8 ROW_FORMAT=COMPACT COMMENT='发票抬头管理表';

-- ----------------------------
--  Records of `consignor`
-- ----------------------------
BEGIN;
INSERT INTO `consignor` VALUES ('1', '554', 'wuxiao', null, null, null, null, null, '2020-12-15 08:35:05', '1', '1', null);
COMMIT;

-- ----------------------------
--  Table structure for `contect`
-- ----------------------------
DROP TABLE IF EXISTS `contect`;
CREATE TABLE `contect` (
  `id` int(5) NOT NULL AUTO_INCREMENT,
  `user_id` int(5) NOT NULL,
  `name` varchar(50) COLLATE utf8_bin DEFAULT NULL,
  `mobile` varchar(50) COLLATE utf8_bin DEFAULT NULL,
  `contact_flag` int(1) DEFAULT NULL,
  `address` varchar(255) COLLATE utf8_bin DEFAULT NULL,
  PRIMARY KEY (`id`) USING BTREE
) ENGINE=InnoDB AUTO_INCREMENT=101 DEFAULT CHARSET=utf8 COLLATE=utf8_bin ROW_FORMAT=COMPACT;

-- ----------------------------
--  Records of `contect`
-- ----------------------------
BEGIN;
INSERT INTO `contect` VALUES ('1', '123468', '徐雨松', '13889122960', '1', '长江南街208号'), ('2', '123456', '刘明仁', '13889127072', '0', '长江南街208号'), ('42', '123519', '111', '15254161612', '1', '111'), ('43', '123519', 'ss', '15254161612', null, '12134'), ('46', '123519', '1', '15254161612', null, '15254161612'), ('47', '123519', '2', '15254161612', null, '15254161612'), ('48', '123519', '3', '15254161612', null, '15254161612'), ('54', '123468', '徐雨松', '13889122960', '0', '长江南街208号'), ('62', '123522', 'tom', '13300001111', '0', 'china ......'), ('63', '123522', 'tom', '13300002222', '0', 'china ......'), ('72', '123532', '李二', '13557840092', null, '大连市'), ('73', '123486', '邱', '13633333333', '0', '123'), ('74', '123533', '邱', '13533333333', '1', '2313'), ('75', '123533', '哇嘎', '18989898989', null, '黛安索'), ('76', '123533', '啦啦啦', '18989898989', null, '123'), ('78', '123486', '李二', '13557840092', null, '大连市'), ('81', '123535', '李四', '13577073357', '0', '湖南'), ('82', '123535', '张三', '18569486573', '1', '北京市-北京市-东城区-户田大厦'), ('83', '123542', '张三', '18011504769', '1', '四川成都'), ('84', '123544', '张三', '13546299999', null, '四川成都武侯区'), ('85', '123544', '李四', '13546299999', '1', '北京市-北京市-东城区-dafasd'), ('86', '554', '韩明', '17767746537', null, '大连市高新开发区'), ('87', '123518', '李升', '17623721608', '1', '天津市-天津市-和平区-北京市-北京市-东城区-123'), ('90', '123556', 'll', '17623761608', '0', '北京市-北京市-东城区-123'), ('91', '123520', '李明峰', '15140630989', '1', '辽宁省-大连市-中山区-辽宁省-大连市-中山区-延安路6号'), ('92', '123521', '田鹏', '15149087678', '0', '北京市-北京市-东城区-2-901'), ('93', '123522', '李明', '15140670999', '1', '大连沙河口'), ('94', '123523', '吴峰', '17689890006', null, '大连周水子'), ('95', '123524', '吴磊', '15178786665', null, '北京市-北京市-东城区-2-908'), ('96', '123530', '王明', '15178900006', null, '北京市-北京市-东城区-2-901'), ('97', '123531', '李小强', '17624658990', null, '大连甘井子'), ('98', '123532', '王明明', '15167890056', null, '北京市-北京市-东城区-2-901'), ('99', '123531', '李亮', '18790076753', null, '成都武侯区'), ('100', '123536', '朱明明', '15140890006', null, '大连中山区');
COMMIT;

-- ----------------------------
--  Table structure for `demo_product`
-- ----------------------------
DROP TABLE IF EXISTS `demo_product`;
CREATE TABLE `demo_product` (
  `id` int(11) NOT NULL AUTO_INCREMENT,
  `price` int(11) DEFAULT NULL,
  `name` varchar(255) DEFAULT NULL,
  `info` text,
  PRIMARY KEY (`id`) USING BTREE
) ENGINE=InnoDB AUTO_INCREMENT=12 DEFAULT CHARSET=utf8 ROW_FORMAT=COMPACT;

-- ----------------------------
--  Records of `demo_product`
-- ----------------------------
BEGIN;
INSERT INTO `demo_product` VALUES ('1', '20', '电话卡', '20元充值卡'), ('2', '30', '电话卡', '20元充值卡'), ('3', '40', '电话卡', '20元充值卡'), ('4', '50', '电话卡', '20元充值卡'), ('5', '200', '乌龙茶(500g)', '产地：台湾梨山......'), ('6', '20', '电话卡', '20元充值卡'), ('7', '20', '电话卡', '20元充值卡'), ('8', '20', '电话卡', '20元充值卡'), ('9', '20', '电话卡', '20元充值卡'), ('10', '20', '电话卡', '20元充值卡'), ('11', '20', '电话卡', '20元充值卡');
COMMIT;

-- ----------------------------
--  Table structure for `ewallet`
-- ----------------------------
DROP TABLE IF EXISTS `ewallet`;
CREATE TABLE `ewallet` (
  `id` int(11) NOT NULL AUTO_INCREMENT,
  `amount` int(11) NOT NULL DEFAULT '0' COMMENT '注册用户电子钱包默认金额',
  `updtime` datetime NOT NULL COMMENT '更新时间',
  PRIMARY KEY (`id`) USING BTREE
) ENGINE=InnoDB AUTO_INCREMENT=14 DEFAULT CHARSET=utf8 ROW_FORMAT=COMPACT;

-- ----------------------------
--  Records of `ewallet`
-- ----------------------------
BEGIN;
INSERT INTO `ewallet` VALUES ('1', '1000', '2017-12-15 09:12:48'), ('2', '500', '2017-12-18 08:12:25'), ('3', '200', '2017-12-19 01:12:54'), ('4', '200', '2017-12-19 02:12:27'), ('5', '300', '2017-12-30 07:12:03'), ('6', '100', '2019-05-17 02:05:57'), ('7', '500', '2019-06-12 10:06:07'), ('8', '600', '2019-06-12 10:06:42'), ('9', '500', '2019-09-11 08:09:23'), ('10', '1000', '2019-10-23 03:10:19'), ('11', '1000', '2019-10-23 03:10:29'), ('12', '1000', '2019-11-28 02:11:20'), ('13', '700', '2019-12-08 09:12:04');
COMMIT;

-- ----------------------------
--  Table structure for `fapiao`
-- ----------------------------
DROP TABLE IF EXISTS `fapiao`;
CREATE TABLE `fapiao` (
  `id_table` int(10) NOT NULL AUTO_INCREMENT,
  `dwmc` varchar(50) DEFAULT NULL,
  `id` int(5) DEFAULT NULL,
  `zcdz` varchar(50) DEFAULT NULL,
  `phone` varchar(50) DEFAULT NULL,
  `open_bank` varchar(50) DEFAULT NULL,
  `bank_ID` varchar(50) DEFAULT NULL,
  `fplx` varchar(10) DEFAULT NULL,
  PRIMARY KEY (`id_table`)
) ENGINE=InnoDB AUTO_INCREMENT=9 DEFAULT CHARSET=utf8;

-- ----------------------------
--  Records of `fapiao`
-- ----------------------------
BEGIN;
INSERT INTO `fapiao` VALUES ('5', '长外', '23576', '长沙税所', '12997347302', '中国建行', '27380628', '增值税'), ('6', '城管', '34525', '重庆税所', '18728394355', '中国银行', '27384028', '增值税'), ('7', '川美', '78362', '重庆税所', '19118076508', '中国银行', '83472485', '增值税'), ('8', '重大', '33535', '重庆税所', '13674839028', '中国银行', '34584244', '增值税');
COMMIT;

-- ----------------------------
--  Table structure for `follow_data`
-- ----------------------------
DROP TABLE IF EXISTS `follow_data`;
CREATE TABLE `follow_data` (
  `id` int(11) NOT NULL AUTO_INCREMENT,
  `note_data_id` int(11) DEFAULT NULL COMMENT '关注笔记ID',
  `author_emp` int(11) DEFAULT NULL COMMENT '笔记作者',
  `follow_emp` int(11) DEFAULT NULL COMMENT '关注者',
  `follow_date` datetime DEFAULT NULL COMMENT '关注时间',
  PRIMARY KEY (`id`) USING BTREE
) ENGINE=InnoDB AUTO_INCREMENT=3 DEFAULT CHARSET=utf8 ROW_FORMAT=COMPACT;

-- ----------------------------
--  Records of `follow_data`
-- ----------------------------
BEGIN;
INSERT INTO `follow_data` VALUES ('1', '18', '1', '2', '2019-01-09 15:51:31'), ('2', '19', '2', '3', '2019-01-09 15:55:25');
COMMIT;

-- ----------------------------
--  Table structure for `foot`
-- ----------------------------
DROP TABLE IF EXISTS `foot`;
CREATE TABLE `foot` (
  `id` int(11) NOT NULL AUTO_INCREMENT,
  `pid` int(11) NOT NULL,
  `uid` int(11) NOT NULL,
  `create_time` datetime NOT NULL,
  PRIMARY KEY (`id`) USING BTREE
) ENGINE=InnoDB AUTO_INCREMENT=9 DEFAULT CHARSET=utf8 ROW_FORMAT=DYNAMIC;

-- ----------------------------
--  Records of `foot`
-- ----------------------------
BEGIN;
INSERT INTO `foot` VALUES ('7', '935', '123528', '2018-12-24 17:21:32'), ('8', '934', '123528', '2018-12-25 08:58:00');
COMMIT;

-- ----------------------------
--  Table structure for `footprint`
-- ----------------------------
DROP TABLE IF EXISTS `footprint`;
CREATE TABLE `footprint` (
  `id` int(11) NOT NULL AUTO_INCREMENT,
  `user_id` int(11) NOT NULL COMMENT '用户id',
  `product_id` int(11) NOT NULL COMMENT '商品id',
  `date_time` datetime NOT NULL COMMENT '足迹创建时间',
  PRIMARY KEY (`id`) USING BTREE
) ENGINE=InnoDB AUTO_INCREMENT=210 DEFAULT CHARSET=utf8 ROW_FORMAT=COMPACT COMMENT='足迹';

-- ----------------------------
--  Records of `footprint`
-- ----------------------------
BEGIN;
INSERT INTO `footprint` VALUES ('98', '123468', '935', '2019-09-11 09:09:14'), ('99', '123468', '934', '2019-09-11 10:31:18'), ('100', '123468', '935', '2019-09-11 13:09:04'), ('101', '123468', '935', '2019-09-11 13:48:48'), ('102', '123468', '934', '2019-09-11 13:50:47'), ('103', '123468', '934', '2019-09-11 13:51:37'), ('104', '123468', '934', '2019-09-11 13:51:50'), ('105', '123468', '934', '2019-09-11 13:55:22'), ('106', '123468', '934', '2019-09-11 13:58:58'), ('107', '123468', '935', '2019-09-11 14:01:52'), ('108', '123468', '938', '2019-09-11 14:05:44'), ('109', '123468', '935', '2019-09-11 14:09:21'), ('110', '123468', '935', '2019-09-11 14:11:13'), ('111', '123468', '935', '2019-09-11 14:15:39'), ('112', '123468', '934', '2019-09-11 14:17:11'), ('113', '123468', '934', '2019-09-12 09:58:43'), ('127', '123473', '937', '2019-09-25 10:28:58'), ('128', '123473', '933', '2019-09-25 10:42:55'), ('140', '554', '935', '2019-09-25 16:21:12'), ('141', '554', '935', '2019-09-25 16:21:41'), ('142', '554', '935', '2019-09-25 16:27:40'), ('143', '554', '934', '2019-09-25 16:27:48'), ('144', '554', '934', '2019-09-25 16:31:29'), ('145', '554', '934', '2019-09-25 16:32:02'), ('146', '554', '935', '2019-09-25 16:32:47'), ('147', '123468', '935', '2019-09-26 16:13:21'), ('148', '123468', '934', '2019-09-26 16:13:25'), ('149', '123468', '933', '2019-09-26 16:13:28'), ('150', '123525', '943', '2019-11-27 09:34:07'), ('151', '554', '55', '2020-12-15 08:34:37'), ('152', '554', '53', '2020-12-15 08:35:16'), ('153', '554', '55', '2020-12-15 08:35:18'), ('154', '554', '53', '2020-12-15 08:35:22'), ('155', '554', '2', '2020-12-15 08:40:37'), ('156', '554', '945', '2020-12-15 09:10:10'), ('157', '554', '946', '2020-12-15 09:51:40'), ('158', '554', '945', '2020-12-15 10:06:25'), ('159', '554', '946', '2020-12-15 10:07:17'), ('160', '554', '946', '2020-12-15 10:08:16'), ('161', '554', '945', '2020-12-15 10:09:11'), ('162', '554', '945', '2020-12-15 10:11:17'), ('163', '554', '946', '2020-12-15 15:19:55'), ('164', '554', '945', '2020-12-15 16:06:07'), ('165', '554', '945', '2020-12-15 16:19:30'), ('166', '554', '944', '2020-12-15 16:19:33'), ('167', '554', '946', '2020-12-15 16:28:47'), ('168', '554', '946', '2020-12-15 16:28:56'), ('169', '554', '946', '2020-12-15 17:34:03'), ('170', '554', '55', '2020-12-22 09:30:15'), ('171', '554', '998', '2020-12-22 09:30:42'), ('172', '554', '50', '2020-12-22 09:37:22'), ('173', '554', '999', '2020-12-22 09:37:23'), ('174', '554', '55', '2020-12-22 09:43:48'), ('175', '554', '1000', '2020-12-22 09:44:18'), ('176', '554', '55', '2020-12-22 09:55:16'), ('177', '554', '1004', '2020-12-22 09:55:28'), ('178', '554', '1000', '2020-12-22 09:55:31'), ('179', '554', '998', '2020-12-22 09:55:34'), ('180', '554', '1007', '2020-12-22 10:01:11'), ('181', '554', '55', '2020-12-22 10:05:24'), ('182', '554', '1009', '2020-12-22 10:05:41'), ('183', '554', '55', '2020-12-22 10:09:42'), ('184', '554', '1010', '2020-12-22 10:09:48'), ('185', '554', '55', '2020-12-22 10:12:37'), ('186', '554', '998', '2020-12-22 10:14:29'), ('187', '554', '55', '2020-12-22 10:17:20'), ('188', '554', '1014', '2020-12-22 10:17:42'), ('189', '554', '52', '2020-12-22 10:18:00'), ('190', '554', '1020', '2020-12-22 10:31:34'), ('191', '554', '55', '2020-12-22 10:34:18'), ('192', '554', '1003', '2020-12-22 10:42:17'), ('193', '554', '31', '2020-12-22 10:42:25'), ('194', '554', '1019', '2020-12-22 13:00:40'), ('195', '554', '1033', '2020-12-22 13:14:07'), ('196', '554', '1039', '2020-12-22 13:14:44'), ('197', '554', '933', '2020-12-22 14:59:57'), ('198', '554', '1046', '2020-12-22 15:00:09'), ('199', '554', '1020', '2020-12-22 15:00:19'), ('200', '554', '946', '2020-12-22 15:18:27'), ('201', '554', '1032', '2020-12-22 15:18:30'), ('202', '554', '933', '2020-12-23 10:52:37'), ('203', '554', '1016', '2020-12-23 10:52:53'), ('204', '554', '933', '2020-12-23 10:53:05'), ('205', '554', '1020', '2020-12-23 10:55:04'), ('208', '123456', '941', '2021-05-06 10:20:09'), ('209', '123456', '933', '2021-05-06 11:23:03');
COMMIT;

-- ----------------------------
--  Table structure for `invoice_list`
-- ----------------------------
DROP TABLE IF EXISTS `invoice_list`;
CREATE TABLE `invoice_list` (
  `id` int(11) NOT NULL AUTO_INCREMENT,
  `order_num` varchar(200) NOT NULL COMMENT '发票id',
  `receiving_Id` int(11) NOT NULL COMMENT '抬头id',
  PRIMARY KEY (`id`) USING BTREE
) ENGINE=InnoDB DEFAULT CHARSET=utf8 ROW_FORMAT=COMPACT COMMENT='发票清单管理';

-- ----------------------------
--  Table structure for `logistics`
-- ----------------------------
DROP TABLE IF EXISTS `logistics`;
CREATE TABLE `logistics` (
  `id` int(5) NOT NULL AUTO_INCREMENT,
  `company_name` varchar(64) COLLATE utf8_bin DEFAULT NULL,
  `logistics_num` varchar(32) COLLATE utf8_bin NOT NULL,
  `order_num` varchar(20) COLLATE utf8_bin NOT NULL,
  `state` int(5) NOT NULL,
  `contact_name` varchar(50) COLLATE utf8_bin DEFAULT NULL,
  `contact_mobile` varchar(20) COLLATE utf8_bin DEFAULT NULL,
  `contact_address` varchar(300) COLLATE utf8_bin DEFAULT NULL,
  `create_time` datetime DEFAULT NULL,
  PRIMARY KEY (`id`) USING BTREE
) ENGINE=InnoDB AUTO_INCREMENT=4 DEFAULT CHARSET=utf8 COLLATE=utf8_bin ROW_FORMAT=COMPACT;

-- ----------------------------
--  Records of `logistics`
-- ----------------------------
BEGIN;
INSERT INTO `logistics` VALUES ('1', '顺丰快递', '71619cf6f290461ca9dca3b7979840f9', 'O2019120600003', '2', '吴峰', '17689890006', '大连周水子', '2019-12-08 10:49:55'), ('2', '顺丰快递', '983bfe9f07f647b2af31f213b4a566e2', 'O2019120900004', '2', '吴峰', '17689890006', '大连周水子', '2019-12-09 16:08:23'), ('3', '顺丰快递', 'bcad86cd6c9445f29666272088079f19', 'O2019121000002', '2', '李小强', '17624658990', '大连甘井子', '2019-12-10 14:57:14');
COMMIT;

-- ----------------------------
--  Table structure for `note_data_attachment_detail`
-- ----------------------------
DROP TABLE IF EXISTS `note_data_attachment_detail`;
CREATE TABLE `note_data_attachment_detail` (
  `id` int(11) NOT NULL AUTO_INCREMENT,
  `note_data_id` int(11) DEFAULT NULL COMMENT '笔记ID',
  `attachment_name` varchar(255) DEFAULT NULL COMMENT '文件名称',
  `attachment_path` varchar(255) DEFAULT NULL COMMENT '文件路径',
  `make_emp` int(11) DEFAULT NULL,
  `make_date` datetime DEFAULT NULL,
  PRIMARY KEY (`id`) USING BTREE
) ENGINE=InnoDB AUTO_INCREMENT=24 DEFAULT CHARSET=utf8 ROW_FORMAT=COMPACT;

-- ----------------------------
--  Records of `note_data_attachment_detail`
-- ----------------------------
BEGIN;
INSERT INTO `note_data_attachment_detail` VALUES ('23', '23', '64ccd6b3061c4025bc26860171614e78.jpg', '/resources/upload/64ccd6b3061c4025bc26860171614e78.jpg', '554', '2019-09-25 14:56:06');
COMMIT;

-- ----------------------------
--  Table structure for `note_data_commentary_praise`
-- ----------------------------
DROP TABLE IF EXISTS `note_data_commentary_praise`;
CREATE TABLE `note_data_commentary_praise` (
  `id` int(11) NOT NULL AUTO_INCREMENT,
  `interaction_detail_id` int(11) DEFAULT NULL COMMENT '笔记互动ID',
  `make_emp` int(11) DEFAULT NULL COMMENT '点赞人',
  `make_date` datetime DEFAULT NULL COMMENT '点赞时间',
  PRIMARY KEY (`id`) USING BTREE
) ENGINE=InnoDB AUTO_INCREMENT=3 DEFAULT CHARSET=utf8 ROW_FORMAT=COMPACT;

-- ----------------------------
--  Records of `note_data_commentary_praise`
-- ----------------------------
BEGIN;
INSERT INTO `note_data_commentary_praise` VALUES ('1', '18', '1', '2019-01-09 15:49:59'), ('2', '19', '2', '2019-01-09 15:55:05');
COMMIT;

-- ----------------------------
--  Table structure for `note_data_head`
-- ----------------------------
DROP TABLE IF EXISTS `note_data_head`;
CREATE TABLE `note_data_head` (
  `id` int(11) NOT NULL AUTO_INCREMENT COMMENT '系统主键',
  `note_content` varchar(800) DEFAULT NULL COMMENT '笔记内容',
  `data_dict_id` int(11) DEFAULT NULL COMMENT '参与话题ID',
  `flag_delete` int(11) DEFAULT NULL COMMENT '0正常；-1逻辑删除。默认0【参考字段】',
  `make_emp` int(11) DEFAULT NULL COMMENT '制作人',
  `make_date` datetime DEFAULT NULL COMMENT '制作时间',
  `modify_emp` int(11) DEFAULT NULL COMMENT '修改人',
  `modify_date` datetime DEFAULT NULL COMMENT '修改时间',
  PRIMARY KEY (`id`) USING BTREE
) ENGINE=InnoDB AUTO_INCREMENT=24 DEFAULT CHARSET=utf8 ROW_FORMAT=COMPACT COMMENT='动态显示列表\r\n';

-- ----------------------------
--  Records of `note_data_head`
-- ----------------------------
BEGIN;
INSERT INTO `note_data_head` VALUES ('23', '123', '1123', null, '123520', '2019-09-25 14:56:06', null, null);
COMMIT;

-- ----------------------------
--  Table structure for `note_data_interaction_detail`
-- ----------------------------
DROP TABLE IF EXISTS `note_data_interaction_detail`;
CREATE TABLE `note_data_interaction_detail` (
  `id` int(11) NOT NULL AUTO_INCREMENT,
  `note_data_id` int(11) DEFAULT NULL COMMENT '笔记ID',
  `make_emp` int(11) DEFAULT NULL COMMENT '点赞人/收藏人',
  `make_date` datetime DEFAULT NULL COMMENT '点赞时间/收藏时间',
  `data_type` int(11) DEFAULT NULL COMMENT '数据类型1：点赞 2：收藏 3:评论',
  `commentary_description` text COMMENT '评论描述',
  PRIMARY KEY (`id`) USING BTREE
) ENGINE=InnoDB DEFAULT CHARSET=utf8 ROW_FORMAT=COMPACT COMMENT='评论表';

-- ----------------------------
--  Table structure for `note_data_label_detail`
-- ----------------------------
DROP TABLE IF EXISTS `note_data_label_detail`;
CREATE TABLE `note_data_label_detail` (
  `id` int(11) NOT NULL AUTO_INCREMENT,
  `note_data_id` int(11) DEFAULT NULL COMMENT '笔记ID',
  `data_dict_id` int(11) DEFAULT NULL COMMENT '标签ID',
  `make_emp` int(11) DEFAULT NULL,
  `make_date` datetime DEFAULT NULL,
  PRIMARY KEY (`id`) USING BTREE
) ENGINE=InnoDB AUTO_INCREMENT=12 DEFAULT CHARSET=utf8 ROW_FORMAT=COMPACT;

-- ----------------------------
--  Records of `note_data_label_detail`
-- ----------------------------
BEGIN;
INSERT INTO `note_data_label_detail` VALUES ('8', '23', '4', '554', '2019-09-25 14:56:06'), ('11', null, null, null, '2019-12-25 18:20:07');
COMMIT;

-- ----------------------------
--  Table structure for `option_info`
-- ----------------------------
DROP TABLE IF EXISTS `option_info`;
CREATE TABLE `option_info` (
  `id` int(5) NOT NULL AUTO_INCREMENT,
  `name` varchar(50) COLLATE utf8_bin NOT NULL,
  `type` int(2) NOT NULL,
  PRIMARY KEY (`id`) USING BTREE
) ENGINE=InnoDB AUTO_INCREMENT=51 DEFAULT CHARSET=utf8 COLLATE=utf8_bin ROW_FORMAT=COMPACT COMMENT='订单信息';

-- ----------------------------
--  Records of `option_info`
-- ----------------------------
BEGIN;
INSERT INTO `option_info` VALUES ('2', '包装', '0'), ('3', '颜色', '1'), ('4', '材料', '1'), ('5', '产地', '0'), ('50', '尺码', '0');
COMMIT;

-- ----------------------------
--  Table structure for `option_value`
-- ----------------------------
DROP TABLE IF EXISTS `option_value`;
CREATE TABLE `option_value` (
  `id` int(5) NOT NULL AUTO_INCREMENT,
  `option_id` int(5) NOT NULL,
  `name` varchar(50) COLLATE utf8_bin NOT NULL,
  PRIMARY KEY (`id`) USING BTREE
) ENGINE=InnoDB AUTO_INCREMENT=23 DEFAULT CHARSET=utf8 COLLATE=utf8_bin ROW_FORMAT=COMPACT;

-- ----------------------------
--  Records of `option_value`
-- ----------------------------
BEGIN;
INSERT INTO `option_value` VALUES ('4', '2', '平装'), ('5', '2', '精装'), ('6', '2', '软精装'), ('7', '3', '红'), ('8', '3', '黄'), ('9', '3', '蓝'), ('10', '3', '绿'), ('11', '4', '皮'), ('12', '4', '棉'), ('13', '4', '革'), ('14', '4', '布'), ('15', '2', '重量'), ('16', '2', '体积'), ('17', '51', 't1'), ('18', '50', 'L'), ('19', '50', 'XL'), ('20', '50', 'XXL'), ('21', '50', 'XXXL'), ('22', '50', 'M');
COMMIT;

-- ----------------------------
--  Table structure for `order_history`
-- ----------------------------
DROP TABLE IF EXISTS `order_history`;
CREATE TABLE `order_history` (
  `id` int(5) NOT NULL AUTO_INCREMENT,
  `order_num` varchar(20) COLLATE utf8_bin NOT NULL,
  `status` int(2) NOT NULL,
  `note` varchar(300) COLLATE utf8_bin DEFAULT NULL,
  `update_user_id` int(5) DEFAULT NULL,
  `create_time` datetime DEFAULT NULL,
  PRIMARY KEY (`id`) USING BTREE
) ENGINE=InnoDB AUTO_INCREMENT=58 DEFAULT CHARSET=utf8 COLLATE=utf8_bin ROW_FORMAT=COMPACT COMMENT='订单历史记录';

-- ----------------------------
--  Records of `order_history`
-- ----------------------------
BEGIN;
INSERT INTO `order_history` VALUES ('1', 'O2019092400001', '1', '已下单', '554', '2019-09-24 13:35:23'), ('2', 'O2019092500001', '1', '已下单', '554', '2019-09-25 14:52:48'), ('3', 'O2019092500002', '1', '已下单', '554', '2019-09-25 16:27:34'), ('4', 'O2019092500003', '1', '已下单', '554', '2019-09-25 16:31:00'), ('5', 'O2019092500004', '1', '已下单', '554', '2019-09-25 16:31:46'), ('6', 'O2019092500005', '1', '已下单', '554', '2019-09-25 16:32:11'), ('7', 'O2019102100001', '1', '已下单', '123518', '2019-10-21 00:13:41'), ('8', 'O2019102100002', '1', '已下单', '123518', '2019-10-21 00:14:55'), ('9', 'O2019102100004', '1', '已下单', '123518', '2019-10-21 00:16:05'), ('10', 'O2019102100006', '1', '已下单', '123518', '2019-10-21 02:06:35'), ('11', 'O2019102400001', '1', '已下单', '123519', '2019-10-24 17:04:26'), ('12', 'O2019102400002', '1', '已下单', '123519', '2019-10-24 17:14:27'), ('13', 'O2019102400004', '1', '已下单', '123520', '2019-10-24 17:17:50'), ('14', 'O2019102400006', '1', '已下单', '123520', '2019-10-24 17:18:49'), ('15', 'O2019102400008', '1', '已下单', '123520', '2019-10-24 18:36:13'), ('16', 'O2019102400010', '1', '已下单', '123520', '2019-10-24 18:45:40'), ('17', 'O2019102400012', '1', '已下单', '123520', '2019-10-24 19:00:26'), ('18', 'O2019102400014', '1', '已下单', '123520', '2019-10-24 19:43:41'), ('19', 'O2019102400016', '1', '已下单', '123520', '2019-10-24 19:43:54'), ('20', 'O2019102400018', '1', '已下单', '123520', '2019-10-24 19:44:27'), ('21', 'O2019102400020', '1', '已下单', '123520', '2019-10-24 19:47:14'), ('22', 'O2019102500001', '1', '已下单', '123521', '2019-10-25 17:01:42'), ('23', 'O2019102500002', '1', '已下单', '123521', '2019-10-25 17:02:20'), ('24', 'O2019102500004', '1', '已下单', '123521', '2019-10-25 17:04:02'), ('25', 'O2019102700001', '1', '已下单', '123521', '2019-10-27 11:50:48'), ('26', 'O2019120600002', '1', '已下单', '123522', '2019-12-06 16:30:32'), ('27', 'O2019120600003', '1', '已下单', '123523', '2019-12-06 16:36:37'), ('28', 'O2019120600004', '1', '已下单', '123524', '2019-12-06 16:48:09'), ('29', 'O2019120600003', '2', '配送中', '3', '2019-12-08 10:49:55'), ('30', 'O2019120900001', '1', '已下单', '123523', '2019-12-09 13:31:13'), ('31', 'O2019120900001', '1', '已下单', '123523', '2019-12-09 13:31:17'), ('32', 'O2019120900001', '1', '已下单', '123523', '2019-12-09 13:31:20'), ('33', 'O2019120900001', '1', '已下单', '123523', '2019-12-09 13:33:32'), ('34', 'O2019120900001', '1', '已下单', '123523', '2019-12-09 13:35:47'), ('35', 'O2019120900001', '1', '已下单', '123523', '2019-12-09 13:37:05'), ('36', 'O2019120900002', '1', '已下单', '123523', '2019-12-09 14:10:49'), ('37', 'O2019120900003', '1', '已下单', '123523', '2019-12-09 14:11:20'), ('38', 'O2019120900004', '1', '已下单', '123523', '2019-12-09 14:12:26'), ('39', 'O2019120900005', '1', '已下单', '123523', '2019-12-09 14:26:36'), ('40', 'O2019120900004', '2', '配送中', '3', '2019-12-09 16:08:23'), ('41', 'O2019120900006', '1', '已下单', '123530', '2019-12-09 16:26:44'), ('42', 'O2019120900007', '1', '已下单', '123531', '2019-12-09 16:52:29'), ('43', 'O2019121000001', '1', '已下单', '123530', '2019-12-10 09:37:25'), ('44', 'O2019121000002', '1', '已下单', '123531', '2019-12-10 13:06:15'), ('45', 'O2019121000002', '1', '已下单', '123531', '2019-12-10 13:06:16'), ('46', 'O2019121000002', '2', '配送中', '3', '2019-12-10 14:57:14'), ('47', 'O2019121000003', '1', '已下单', '123532', '2019-12-10 15:01:22'), ('48', 'O2019121000004', '1', '已下单', '123533', '2019-12-10 15:11:08'), ('49', 'O2019121200001', '1', '已下单', '123536', '2019-12-12 16:53:19'), ('50', 'O2019121200002', '1', '已下单', '123536', '2019-12-12 16:55:48'), ('51', 'O2019121200003', '1', '已下单', '123536', '2019-12-12 17:13:46'), ('52', 'O2019121200004', '1', '已下单', '123536', '2019-12-12 17:17:54'), ('53', 'O2020121500001', '1', '已下单', '554', '2020-12-15 09:11:32'), ('54', 'O2020121500002', '1', '已下单', '554', '2020-12-15 10:05:07'), ('55', 'O2020121500003', '1', '已下单', '554', '2020-12-15 10:07:09'), ('56', 'O2020121500004', '1', '已下单', '554', '2020-12-15 10:10:43'), ('57', 'O2020121500005', '1', '已下单', '554', '2020-12-15 10:11:29');
COMMIT;

-- ----------------------------
--  Table structure for `order_info`
-- ----------------------------
DROP TABLE IF EXISTS `order_info`;
CREATE TABLE `order_info` (
  `order_num` varchar(20) COLLATE utf8_bin NOT NULL,
  `price` varchar(10) COLLATE utf8_bin DEFAULT '0',
  `payment_flag` int(1) NOT NULL DEFAULT '0',
  `user_id` int(5) NOT NULL,
  `contact_name` varchar(50) COLLATE utf8_bin DEFAULT NULL,
  `contact_mobile` varchar(20) COLLATE utf8_bin DEFAULT NULL,
  `contact_address` varchar(300) COLLATE utf8_bin DEFAULT NULL,
  `message` varchar(300) COLLATE utf8_bin DEFAULT NULL,
  `status` int(2) DEFAULT NULL,
  `type` int(2) NOT NULL,
  `create_time` datetime DEFAULT NULL,
  PRIMARY KEY (`order_num`) USING BTREE
) ENGINE=InnoDB DEFAULT CHARSET=utf8 COLLATE=utf8_bin ROW_FORMAT=COMPACT COMMENT='订单信息';

-- ----------------------------
--  Records of `order_info`
-- ----------------------------
BEGIN;
INSERT INTO `order_info` VALUES ('O2019092500001', '14600', '1', '554', '韩明', '17767746537', '大连市高新开发区', null, '1', '0', '2020-09-25 11:14:39'), ('O2019092500002', '26000', '1', '554', '韩明', '17767746537', '大连市高新开发区', null, '1', '0', '2020-09-25 16:21:25'), ('O2019092500003', '9800', '1', '554', '韩明', '17767746537', '大连市高新开发区', null, '1', '0', '2020-09-25 16:30:57'), ('O2019092500004', '9800', '1', '554', '韩明', '17767746537', '大连市高新开发区', null, '1', '0', '2020-09-25 16:31:31'), ('O2019092500005', '9800', '1', '554', '韩明', '17767746537', '大连市高新开发区', null, '1', '0', '2020-09-25 16:32:05'), ('O2019102100001', '9800', '1', '123518', '李升', '17623721608', '天津市-天津市-和平区-北京市-北京市-东城区-123', null, '1', '0', '2020-10-21 00:13:41'), ('O2019102100002', '9800', '1', '123518', '李升', '17623721608', '天津市-天津市-和平区-北京市-北京市-东城区-123', null, '1', '0', '2020-10-21 00:14:55'), ('O2019102100004', '9000', '1', '123518', '李升', '17623721608', '天津市-天津市-和平区-北京市-北京市-东城区-123', null, '1', '0', '2020-10-21 00:16:05'), ('O2019102100006', '9800', '1', '123518', '李升', '17623721608', '天津市-天津市-和平区-北京市-北京市-东城区-123', null, '1', '0', '2020-10-21 02:06:35'), ('O2019102400020', '2800', '1', '123520', '李明峰', '15140630989', '辽宁省-大连市-中山区-辽宁省-大连市-中山区-延安路6号', null, '1', '0', '2020-10-24 19:47:14'), ('O2019102500004', '3600', '1', '123521', '田鹏', '15149087678', '北京市-北京市-东城区-2-901', null, '1', '0', '2020-10-25 17:04:02'), ('O2019102700001', '9200', '1', '123521', '田鹏', '15149087678', '北京市-北京市-东城区-2-901', null, '1', '0', '2020-10-27 11:50:48'), ('O2019120600002', '2400', '1', '123522', '李明', '15140670999', '大连沙河口', null, '1', '0', '2020-12-06 16:30:26'), ('O2019120600003', '5600', '1', '123523', '吴峰', '17689890006', '大连周水子', null, '2', '0', '2020-12-06 16:36:32'), ('O2019120600004', '11200', '1', '123524', '吴磊', '15178786665', '北京市-北京市-东城区-2-908', null, '1', '0', '2020-12-06 16:44:45'), ('O2019120900001', '24000', '1', '123523', '吴峰', '17689890006', '大连周水子', null, '1', '0', '2020-12-09 13:31:07'), ('O2019120900002', '28000', '1', '123523', '吴峰', '17689890006', '大连周水子', null, '1', '0', '2020-12-09 14:10:44'), ('O2019120900003', '36000', '1', '123523', '吴峰', '17689890006', '大连周水子', null, '1', '0', '2020-12-09 14:11:16'), ('O2019120900004', '36000', '1', '123523', '吴峰', '17689890006', '大连周水子', null, '2', '0', '2020-12-09 14:12:22'), ('O2019120900005', '90000', '1', '123523', '吴峰', '17689890006', '大连周水子', null, '1', '0', '2020-12-09 14:26:32'), ('O2019120900006', '16200', '1', '123530', '王明', '15178900006', '北京市-北京市-东城区-2-901', null, '1', '0', '2020-12-09 16:26:43'), ('O2019120900007', '36000', '1', '123531', '李小强', '17624658990', '大连甘井子', null, '1', '0', '2020-12-09 16:52:13'), ('O2019121000001', '3600', '1', '123530', '王明', '15178900006', '北京市-北京市-东城区-2-901', null, '1', '0', '2020-12-10 09:37:24'), ('O2019121000002', '19600', '1', '123531', '李小强', '17624658990', '大连甘井子', null, '2', '0', '2020-12-10 13:06:10'), ('O2019121000003', '19600', '1', '123532', '李二', '13557840092', '大连市', null, '1', '0', '2020-12-10 15:01:18'), ('O2019121200001', '10400', '1', '123536', '朱明明', '15140890006', '大连中山区', null, '1', '0', '2020-12-12 16:51:55'), ('O2019121200002', '2800', '1', '123536', '朱明明', '15140890006', '大连中山区', null, '1', '0', '2020-12-12 16:55:44'), ('O2019121200003', '3600', '1', '123536', '朱明明', '15140890006', '大连中山区', null, '1', '0', '2020-12-12 17:13:41'), ('O2019121200004', '2800', '1', '123536', '朱明明', '15140890006', '大连中山区', null, '1', '0', '2020-12-12 17:17:49'), ('O2020121500001', '2400', '1', '554', '韩明', '17767746537', '大连市高新开发区', null, '1', '0', '2020-12-15 09:10:12'), ('O2020121500002', '2000', '1', '554', '韩明', '17767746537', '大连市高新开发区', null, '1', '0', '2020-12-15 09:51:42'), ('O2020121500003', '2400', '1', '554', '韩明', '17767746537', '大连市高新开发区', null, '1', '0', '2020-12-15 10:06:27'), ('O2020121500004', '6400', '1', '554', '韩明', '17767746537', '大连市高新开发区', null, '1', '0', '2020-12-15 10:07:19'), ('O2020121500005', '2400', '1', '554', '韩明', '17767746537', '大连市高新开发区', null, '1', '0', '2020-12-15 10:11:18'), ('O2020121500006', '4000', '0', '554', null, null, null, null, null, '1', '2020-12-15 16:31:30');
COMMIT;

-- ----------------------------
--  Table structure for `order_item`
-- ----------------------------
DROP TABLE IF EXISTS `order_item`;
CREATE TABLE `order_item` (
  `id` varchar(36) COLLATE utf8_bin NOT NULL,
  `order_num` varchar(20) COLLATE utf8_bin NOT NULL,
  `product_id` int(5) NOT NULL,
  `price` int(8) NOT NULL,
  `quantity` int(4) DEFAULT NULL,
  `user_id` int(5) NOT NULL,
  `json_data` text COLLATE utf8_bin,
  `sku_id` int(11) DEFAULT NULL,
  `option_value_key_group` varchar(80) COLLATE utf8_bin DEFAULT NULL,
  PRIMARY KEY (`id`) USING BTREE
) ENGINE=InnoDB DEFAULT CHARSET=utf8 COLLATE=utf8_bin ROW_FORMAT=COMPACT COMMENT='订购物品';

-- ----------------------------
--  Records of `order_item`
-- ----------------------------
BEGIN;
INSERT INTO `order_item` VALUES ('1CxF6oweyV', 'O2019102400012', '942', '9000', '2', '123520', '', null, ''), ('4fc3q2iZdC', 'O2019102100002', '934', '9800', '1', '123518', '', null, ''), ('7iXqOe5bN3', 'O2019102700001', '971', '9200', '1', '123521', '', null, ''), ('8jWhPk4Ndb', 'O2019102500002', '943', '3600', '1', '123521', '', null, ''), ('I2019092400002', 'O2019092400001', '935', '13000', '2', '554', null, null, null), ('I2019092500007', 'O2019092500001', '934', '9800', '1', '554', null, null, null), ('I2019092500009', 'O2019092500001', '938', '4800', '1', '554', null, null, null), ('I2019092500011', 'O2019092500002', '935', '13000', '2', '554', null, null, null), ('I2019092500014', 'O2019092500003', '934', '9800', '1', '554', null, null, null), ('I2019092500016', 'O2019092500004', '934', '9800', '1', '554', null, null, null), ('I2019092500018', 'O2019092500005', '934', '9800', '1', '554', null, null, null), ('I2019120600002', 'O2019120600001', '943', '3600', '1', '123525', null, null, null), ('I2019120600003', 'O2019120600001', '995', '11600', '2', '123525', null, null, null), ('I2019120600005', 'O2019120600002', '945', '2400', '1', '123522', null, null, null), ('I2019120600008', 'O2019120600003', '946', '2000', '1', '123523', null, null, null), ('I2019120600009', 'O2019120600003', '943', '3600', '1', '123523', null, null, null), ('I2019120600011', 'O2019120600004', '944', '2800', '4', '123524', null, null, null), ('I2019120900002', 'O2019120900001', '945', '2400', '10', '123523', null, null, null), ('I2019120900004', 'O2019120900002', '944', '2800', '10', '123523', null, null, null), ('I2019120900006', 'O2019120900003', '943', '3600', '10', '123523', null, null, null), ('I2019120900008', 'O2019120900004', '943', '3600', '10', '123523', null, null, null), ('I2019120900010', 'O2019120900005', '942', '9000', '10', '123523', null, null, null), ('I2019120900013', 'O2019120900006', '943', '3600', '2', '123530', null, null, null), ('I2019120900014', 'O2019120900006', '942', '9000', '1', '123530', null, null, null), ('I2019120900016', 'O2019120900007', '943', '3600', '10', '123531', null, null, null), ('I2019121000002', 'O2019121000001', '943', '3600', '1', '123530', null, null, null), ('I2019121000004', 'O2019121000002', '933', '19600', '1', '123531', null, null, null), ('I2019121000006', 'O2019121000003', '933', '19600', '1', '123532', null, null, null), ('I2019121000013', 'O2019121000004', '943', '3600', '1', '123533', null, null, null), ('I2019121200002', 'O2019121200001', '944', '2800', '2', '123536', null, null, null), ('I2019121200004', 'O2019121200001', '945', '2400', '2', '123536', null, null, null), ('I2019121200006', 'O2019121200002', '944', '2800', '1', '123536', null, null, null), ('I2019121200008', 'O2019121200003', '943', '3600', '1', '123536', null, null, null), ('I2019121200010', 'O2019121200004', '944', '2800', '1', '123536', null, null, null), ('I2020121500002', 'O2020121500001', '945', '2400', '1', '554', null, null, null), ('I2020121500004', 'O2020121500002', '946', '2000', '1', '554', null, null, null), ('I2020121500006', 'O2020121500003', '945', '2400', '1', '554', null, null, null), ('I2020121500008', 'O2020121500004', '946', '2000', '2', '554', null, null, null), ('I2020121500011', 'O2020121500004', '945', '2400', '1', '554', null, null, null), ('I2020121500013', 'O2020121500005', '945', '2400', '1', '554', null, null, null), ('I2020121500015', 'O2020121500006', '946', '2000', '2', '554', null, null, null), ('JeUzyVwHaq', 'O2019102400014', '943', '3600', '2', '123520', '', null, ''), ('NE3bPUA8Bc', 'O2019102100001', '934', '9800', '1', '123518', '', null, ''), ('SBYau1dJZX', 'O2019102400001', '942', '9000', '1', '123519', '', null, ''), ('TDbtxBIKE5', 'O2019102400010', '942', '9000', '1', '123520', '', null, ''), ('iB4gLPUlKN', 'O2019102100006', '934', '9800', '1', '123518', '', null, ''), ('k14fFcLOGP', 'O2019102400008', '942', '9000', '1', '123520', '', null, ''), ('mA4lMkjsRS', 'O2019102400002', '944', '2800', '1', '123519', '', null, ''), ('mJ4FrxkbvW', 'O2019102500001', '942', '9000', '2', '123521', '', null, ''), ('ounsYfD6FA', 'O2019102400004', '943', '3600', '2', '123520', '', null, ''), ('sHE4TKdeBQ', 'O2019102400020', '944', '2800', '1', '123520', '', null, ''), ('vhqOoNDzr7', 'O2019102100004', '942', '9000', '1', '123518', '', null, ''), ('wPWxKDeYEC', 'O2019102400018', '943', '3600', '1', '123520', '', null, ''), ('xSIiyDToMz', 'O2019102400006', '943', '3600', '1', '123520', '', null, ''), ('yQHaN7KGcZ', 'O2019102500004', '943', '3600', '1', '123521', '', null, '');
COMMIT;

-- ----------------------------
--  Table structure for `order_option`
-- ----------------------------
DROP TABLE IF EXISTS `order_option`;
CREATE TABLE `order_option` (
  `id` int(5) NOT NULL AUTO_INCREMENT,
  `order_Item_Id` varchar(36) COLLATE utf8_bin NOT NULL,
  `option_id` int(5) NOT NULL,
  `option_value_id` int(5) NOT NULL,
  `option_value_name` varchar(50) COLLATE utf8_bin NOT NULL,
  `option_name` varchar(50) COLLATE utf8_bin DEFAULT NULL,
  `option_value_key` varchar(255) COLLATE utf8_bin DEFAULT NULL,
  PRIMARY KEY (`id`) USING BTREE
) ENGINE=InnoDB DEFAULT CHARSET=utf8 COLLATE=utf8_bin ROW_FORMAT=COMPACT COMMENT='订购选项';

-- ----------------------------
--  Table structure for `order_test`
-- ----------------------------
DROP TABLE IF EXISTS `order_test`;
CREATE TABLE `order_test` (
  `id_order` int(50) NOT NULL AUTO_INCREMENT,
  `order_num` varchar(50) DEFAULT NULL,
  `user_id` varchar(50) DEFAULT NULL,
  `id` varchar(50) DEFAULT NULL,
  `payment_type` int(11) unsigned zerofill DEFAULT NULL,
  PRIMARY KEY (`id_order`)
) ENGINE=InnoDB AUTO_INCREMENT=5 DEFAULT CHARSET=utf8;

-- ----------------------------
--  Records of `order_test`
-- ----------------------------
BEGIN;
INSERT INTO `order_test` VALUES ('1', null, null, '123456', null), ('2', '224455', null, '345', null), ('3', '667788', null, '1204', null), ('4', '678988', null, '120405', '1');
COMMIT;

-- ----------------------------
--  Table structure for `payment_history`
-- ----------------------------
DROP TABLE IF EXISTS `payment_history`;
CREATE TABLE `payment_history` (
  `id` int(5) NOT NULL AUTO_INCREMENT,
  `order_num` varchar(20) COLLATE utf8_bin NOT NULL,
  `product_price` int(10) NOT NULL,
  `payment_type` int(2) NOT NULL,
  `user_id` int(5) NOT NULL,
  `payment_time` datetime DEFAULT NULL,
  PRIMARY KEY (`id`) USING BTREE
) ENGINE=InnoDB AUTO_INCREMENT=290 DEFAULT CHARSET=utf8 COLLATE=utf8_bin ROW_FORMAT=COMPACT;

-- ----------------------------
--  Records of `payment_history`
-- ----------------------------
BEGIN;
INSERT INTO `payment_history` VALUES ('66', 'O2016110800005', '32200', '0', '123486', '2016-11-08 11:36:59'), ('67', 'O2016110800006', '7800', '1', '123486', '2016-11-08 11:46:16'), ('68', 'O2016110800009', '1000000', '1', '123468', '2016-11-08 17:31:48'), ('69', 'O2016110800011', '1024600', '1', '123519', '2016-11-08 17:48:04'), ('70', 'O2016110800013', '19600', '1', '123519', '2016-11-08 17:50:07'), ('71', 'O2016110800014', '2800', '0', '123519', '2016-11-08 17:51:34'), ('72', 'O2016110800016', '26000', '1', '123519', '2016-11-08 17:57:20'), ('73', 'O2016110800017', '8400', '1', '123519', '2016-11-08 18:00:00'), ('74', 'O2016110800018', '19600', '1', '123519', '2016-11-08 18:03:07'), ('75', 'O2016110800019', '10000', '1', '123519', '2016-11-08 18:04:14'), ('76', 'O2016110800022', '4007800', '1', '123468', '2016-11-08 18:33:33'), ('77', 'O2016110800024', '100', '1', '123468', '2016-11-08 18:38:38'), ('78', 'O2016110800026', '204000', '1', '123468', '2016-11-08 18:52:09'), ('79', 'O2016110800027', '240000', '0', '123468', '2016-11-08 18:54:31'), ('80', 'O2016110800029', '91000', '1', '123468', '2016-11-08 19:04:20'), ('81', 'O2016110800032', '208000', '0', '123468', '2016-11-08 19:32:21'), ('82', 'O2016110800031', '52600', '0', '123486', '2016-11-08 19:42:19'), ('83', 'O2016110800035', '939600', '0', '123486', '2016-11-08 19:52:49'), ('84', 'O2016110800033', '63200', '0', '123521', '2016-11-08 20:11:54'), ('85', 'O2016110800039', '27600', '1', '123521', '2016-11-08 20:16:47'), ('86', 'O2016110800041', '600000', '1', '123468', '2016-11-08 20:20:46'), ('87', 'O2016110800042', '600000', '1', '123468', '2016-11-08 20:21:49'), ('88', 'O2016110800043', '4020000', '1', '123521', '2016-11-08 20:24:26'), ('89', 'O2016110800044', '570000', '0', '123468', '2016-11-08 20:24:36'), ('90', 'O2016110800045', '3376800', '1', '123521', '2016-11-08 20:24:58'), ('91', 'O2016110800046', '999000', '1', '123521', '2016-11-08 20:26:09'), ('92', 'O2016110800047', '28800000', '0', '123468', '2016-11-08 20:26:58'), ('93', 'O2016110800048', '201000', '0', '123521', '2016-11-08 20:28:12'), ('94', 'O2016110800049', '72600', '0', '123521', '2016-11-08 20:28:51'), ('95', 'O2016110800050', '205000', '0', '123521', '2016-11-08 20:29:30'), ('96', 'O2016110800051', '135000', '0', '123521', '2016-11-08 20:30:04'), ('97', 'O2016110800052', '210000', '0', '123521', '2016-11-08 20:31:29'), ('98', 'O2016110800053', '147200', '1', '123468', '2016-11-08 20:33:06'), ('99', 'O2016110800054', '200000', '1', '123468', '2016-11-08 20:34:03'), ('100', 'O2016110800055', '13000', '1', '123468', '2016-11-08 21:40:07'), ('101', 'O2016110800058', '7800', '1', '123468', '2016-11-08 21:45:22'), ('102', 'O2016111700001', '3600', '1', '123522', '2016-11-17 10:10:10'), ('103', 'O2016111900006', '17100', '1', '123522', '2016-11-19 13:17:57'), ('104', 'O2016111900007', '11250', '1', '123522', '2016-11-19 13:19:04'), ('105', 'O2016111900008', '14700', '1', '123522', '2016-11-19 13:29:06'), ('106', 'O2016111900009', '5850', '0', '123522', '2016-11-19 13:35:08'), ('107', 'O2016111900010', '5850', '0', '123522', '2016-11-19 13:35:50'), ('108', 'O2016111900011', '5850', '1', '123522', '2016-11-19 13:36:56'), ('109', 'O2016111900012', '3600', '0', '123522', '2016-11-19 21:16:15'), ('110', 'O2016111900014', '67500', '0', '123522', '2016-11-19 22:28:38'), ('111', 'O2017123000001', '13000', '0', '123526', '2017-12-30 19:18:16'), ('112', 'O2018090300002', '19600', '1', '123486', '2018-09-03 15:38:16'), ('113', 'O2018090300003', '48800', '0', '123486', '2018-09-03 15:54:10'), ('114', 'O2018090300004', '9000', '0', '123486', '2018-09-03 16:00:37'), ('115', 'O2018090300005', '7800', '0', '123486', '2018-09-03 16:12:17'), ('116', 'O2018090300006', '9800', '0', '123486', '2018-09-03 16:14:19'), ('117', 'O2018090300007', '19600', '0', '123486', '2018-09-03 16:15:49'), ('118', 'O2018090300008', '7800', '0', '123486', '2018-09-03 16:19:06'), ('119', 'O2018090300009', '7800', '0', '123486', '2018-09-03 16:24:45'), ('120', 'O2018090300010', '9000', '0', '123486', '2018-09-03 16:25:54'), ('121', 'O2018090300011', '19600', '0', '123486', '2018-09-03 16:29:09'), ('122', 'O2018090300012', '13000', '0', '123486', '2018-09-03 16:30:02'), ('123', 'O2018090300013', '15600', '0', '123486', '2018-09-03 16:56:56'), ('124', 'O2018090300014', '27400', '0', '123486', '2018-09-03 17:02:26'), ('125', 'O2018090300015', '64000', '0', '123486', '2018-09-03 17:03:15'), ('126', 'O2018090300017', '42400', '2', '123486', '2018-09-03 19:32:18'), ('127', 'O2018090300020', '9800', '2', '123533', '2018-09-03 19:39:59'), ('128', 'O2018090300021', '130000', '2', '123533', '2018-09-03 19:40:10'), ('129', 'O2018090300022', '143000', '2', '123533', '2018-09-03 21:57:58'), ('130', 'O2018090300024', '17800', '0', '123486', '2018-09-03 22:45:37'), ('131', 'O2018090300025', '4800', '0', '123486', '2018-09-03 22:46:10'), ('132', 'O2018090400001', '13000', '2', '123486', '2018-09-04 09:02:52'), ('133', 'O2018090400002', '9800', '1', '123486', '2018-09-04 09:06:20'), ('134', 'O2018090400003', '9800', '2', '123486', '2018-09-04 09:06:59'), ('135', 'O2018090400004', '2800', '2', '123486', '2018-09-04 09:58:22'), ('136', 'O2018090400005', '7800', '2', '123486', '2018-09-04 10:25:27'), ('137', 'O2019030100001', '13000', '1', '123535', '2019-03-02 17:18:33'), ('138', 'O2019030100001', '13000', '1', '123535', '2019-03-02 17:22:00'), ('139', 'O2019030100001', '13000', '1', '123535', '2019-03-02 17:38:11'), ('140', 'O2019030100001', '13000', '1', '123535', '2019-03-02 17:38:54'), ('141', 'O2019030200001', '9800', '1', '123535', '2019-03-02 17:40:19'), ('142', 'O2019030200002', '9800', '1', '123535', '2019-03-02 20:33:20'), ('143', 'O2019031000001', '19600', '0', '123535', '2019-03-10 13:39:40'), ('144', 'O2019031000002', '103000', '0', '123535', '2019-05-17 14:45:29'), ('145', 'O2019051700001', '19600', '0', '123535', '2019-05-17 14:47:17'), ('146', 'O2019051700002', '13000', '1', '123535', '2019-05-17 14:59:37'), ('147', 'O2019060500001', '19600', '0', '123535', '2019-06-05 16:41:37'), ('148', 'O2019060500002', '13400', '0', '123535', '2019-06-06 08:07:25'), ('149', 'O2019061200002', '13000', '0', '123544', '2019-06-12 10:40:41'), ('150', 'O2019061200003', '26000', '0', '123544', '2019-06-12 10:42:46'), ('151', 'O2019090400001', '26000', '0', '123468', '2019-09-04 13:53:03'), ('152', 'O2019090400002', '45000', '0', '123468', '2019-09-04 14:21:21'), ('153', 'O2019090400002', '45000', '0', '123468', '2019-09-04 14:21:22'), ('154', 'O2019090400002', '45000', '0', '123468', '2019-09-04 14:21:23'), ('155', 'O2019090400003', '61800', '0', '123468', '2019-09-05 08:51:27'), ('156', 'O2019090500001', '26000', '2', '123468', '2019-09-05 08:57:17'), ('157', 'O2019090500001', '26000', '2', '123468', '2019-09-05 08:57:18'), ('158', 'O2019090500001', '26000', '2', '123468', '2019-09-05 08:57:25'), ('159', 'O2019090500002', '19600', '0', '123468', '2019-09-05 09:08:47'), ('160', 'O2019090500002', '19600', '0', '123468', '2019-09-05 09:08:49'), ('161', 'O2019090500002', '19600', '0', '123468', '2019-09-05 09:08:51'), ('162', 'O2019090500002', '19600', '0', '123468', '2019-09-05 09:08:55'), ('163', 'O2019090500002', '19600', '2', '123468', '2019-09-05 09:09:23'), ('164', 'O2019090500002', '19600', '2', '123468', '2019-09-05 09:10:19'), ('165', 'O2019090500003', '26000', '0', '123468', '2019-09-05 09:20:34'), ('166', 'O2019090500004', '9800', '0', '123468', '2019-09-05 09:23:19'), ('167', 'O2019090500005', '9800', '2', '123468', '2019-09-05 09:24:40'), ('168', 'O2019090500006', '13000', '0', '123468', '2019-09-05 09:25:37'), ('169', 'O2019090500006', '13000', '0', '123468', '2019-09-05 09:26:00'), ('170', 'O2019090500006', '13000', '0', '123468', '2019-09-05 09:29:03'), ('171', 'O2019090500006', '13000', '0', '123468', '2019-09-05 09:31:43'), ('172', 'O2019090500007', '13000', '0', '123468', '2019-09-05 09:46:02'), ('173', 'O2019090500007', '13000', '0', '123468', '2019-09-05 09:48:23'), ('174', 'O2019090500008', '13000', '0', '123468', '2019-09-05 10:09:05'), ('175', 'O2019090500008', '13000', '0', '123468', '2019-09-05 10:10:19'), ('176', 'O2019090500009', '13000', '0', '123468', '2019-09-05 10:51:00'), ('177', 'O2019090500010', '13000', '0', '123468', '2019-09-05 10:53:14'), ('178', 'O2019090500011', '13000', '0', '123468', '2019-09-05 10:56:37'), ('179', 'O2019090500011', '13000', '0', '123468', '2019-09-05 10:57:24'), ('180', 'O2019090500011', '13000', '0', '123468', '2019-09-05 10:58:41'), ('181', 'O2019090500012', '9800', '0', '123468', '2019-09-05 11:02:28'), ('182', 'O2019090500013', '19600', '0', '123468', '2019-09-05 11:03:12'), ('183', 'O2019090500014', '19600', '2', '123468', '2019-09-05 11:05:04'), ('184', 'O2019090500015', '2000', '0', '123468', '2019-09-05 11:09:08'), ('185', 'O2019090500016', '13000', '0', '123468', '2019-09-05 11:16:48'), ('186', 'O2019090500017', '13000', '0', '123468', '2019-09-05 11:18:54'), ('187', 'O2019090500018', '13000', '0', '123468', '2019-09-05 11:19:13'), ('188', 'O2019090500019', '15000', '2', '123468', '2019-09-05 11:19:59'), ('189', 'O2019090500020', '45000', '0', '123468', '2019-09-05 11:22:32'), ('190', 'O2019090500021', '480000', '0', '123468', '2019-09-05 11:27:07'), ('191', 'O2019090500021', '480000', '0', '123468', '2019-09-05 11:27:11'), ('192', 'O2019090500021', '480000', '0', '123468', '2019-09-05 11:27:14'), ('193', 'O2019090500021', '480000', '2', '123468', '2019-09-05 11:27:18'), ('194', 'O2019090500021', '480000', '2', '123468', '2019-09-05 11:27:59'), ('195', 'O2019090500022', '9800', '0', '123468', '2019-09-05 13:03:15'), ('196', 'O2019090500023', '19600', '0', '123468', '2019-09-05 13:04:05'), ('197', 'O2019090500024', '9800', '0', '123468', '2019-09-05 13:06:08'), ('198', 'O2019090500025', '9800', '0', '123468', '2019-09-05 13:07:07'), ('199', 'O2019090500026', '9800', '0', '123468', '2019-09-05 13:09:15'), ('200', 'O2019090500027', '19600', '0', '123468', '2019-09-05 13:10:19'), ('201', 'O2019090500028', '19600', '0', '123468', '2019-09-05 13:10:53'), ('202', 'O2019090500029', '32000', '0', '123468', '2019-09-05 13:11:36'), ('203', 'O2019090500030', '32000', '0', '123468', '2019-09-05 13:12:14'), ('204', 'O2019090500031', '32000', '0', '123468', '2019-09-05 13:13:00'), ('205', 'O2019090500032', '7800', '0', '123468', '2019-09-05 13:13:39'), ('206', 'O2019090500033', '7800', '0', '123468', '2019-09-05 13:14:40'), ('207', 'O2019090500034', '7800', '0', '123468', '2019-09-05 13:15:39'), ('208', 'O2019090500035', '32000', '0', '123468', '2019-09-05 13:18:04'), ('209', 'O2019090500036', '32000', '0', '123468', '2019-09-05 13:19:03'), ('210', 'O2019090500037', '7800', '0', '123468', '2019-09-05 13:19:52'), ('211', 'O2019090500038', '9800', '0', '123468', '2019-09-05 13:20:31'), ('212', 'O2019090500039', '19600', '0', '123468', '2019-09-05 13:24:33'), ('213', 'O2019090500040', '19600', '0', '123468', '2019-09-05 13:27:30'), ('214', 'O2019090500041', '32000', '0', '123468', '2019-09-05 13:31:09'), ('215', 'O2019090500042', '19600', '0', '123468', '2019-09-05 13:31:33'), ('216', 'O2019090500043', '9800', '0', '123468', '2019-09-05 13:32:03'), ('217', 'O2019090500044', '19600', '0', '123468', '2019-09-05 13:40:38'), ('218', 'O2019090500045', '294000', '0', '123468', '2019-09-05 13:42:52'), ('219', 'O2019090500046', '19600', '0', '123468', '2019-09-05 13:44:48'), ('220', 'O2019090500047', '294000', '0', '123468', '2019-09-05 13:45:10'), ('221', 'O2019090500048', '13000', '0', '123468', '2019-09-05 13:46:29'), ('222', 'O2019090500049', '32000', '0', '123468', '2019-09-05 13:47:19'), ('223', 'O2019090500050', '9800', '0', '123468', '2019-09-05 13:48:52'), ('224', 'O2019090500051', '19600', '0', '123468', '2019-09-05 13:50:14'), ('225', 'O2019090500052', '1718200', '0', '123468', '2019-09-05 14:35:44'), ('226', 'O2019090500053', '312000', '0', '123468', '2019-09-05 14:45:23'), ('227', 'O2019090500054', '1078000', '0', '123468', '2019-09-05 14:45:46'), ('228', 'O2019090500055', '19580400', '0', '123468', '2019-09-05 14:47:00'), ('229', 'O2019090500056', '279000', '0', '123468', '2019-09-05 14:53:27'), ('230', 'O2019090500057', '1960000', '0', '123468', '2019-09-05 14:54:03'), ('231', 'O2019090500058', '3920000', '0', '123468', '2019-09-05 14:54:21'), ('232', 'O2019090500059', '3920000', '0', '123468', '2019-09-05 14:54:54'), ('233', 'O2019090500060', '3920000', '0', '123468', '2019-09-05 14:55:51'), ('234', 'O2019090500061', '31968000', '2', '123468', '2019-09-05 14:57:48'), ('235', 'O2019090500062', '9800', '0', '123468', '2019-09-05 14:58:54'), ('236', 'O2019090500063', '24820800', '0', '123468', '2019-09-05 17:17:35'), ('237', 'O2019090500064', '13000', '0', '123468', '2019-09-05 17:18:05'), ('238', 'O2019090600001', '52400', '0', '123468', '2019-09-06 12:45:07'), ('239', 'O2019090600002', '62000', '0', '123468', '2019-09-06 13:00:14'), ('240', 'O2019090900001', '13000', '0', '123468', '2019-09-09 11:08:30'), ('241', 'O2019091000001', '9800', '0', '123468', '2019-09-10 13:18:49'), ('242', 'O2019091100001', '35800', '0', '123468', '2019-09-11 13:46:01'), ('243', 'O2019091100002', '13000', '0', '123468', '2019-09-11 13:49:07'), ('244', 'O2019091100003', '9800', '0', '123468', '2019-09-11 13:50:55'), ('245', 'O2019091100004', '9800', '0', '123468', '2019-09-11 13:51:42'), ('246', 'O2019091100005', '9800', '0', '123468', '2019-09-11 13:52:02'), ('247', 'O2019091100006', '9800', '0', '123468', '2019-09-11 13:55:33'), ('248', 'O2019091100007', '9800', '0', '123468', '2019-09-11 13:59:05'), ('249', 'O2019091100008', '17800', '0', '123468', '2019-09-11 14:06:01'), ('250', 'O2019091100009', '13000', '0', '123468', '2019-09-11 14:09:29'), ('251', 'O2019091100010', '13000', '0', '123468', '2019-09-11 14:11:20'), ('252', 'O2019091100011', '13000', '0', '123468', '2019-09-11 14:15:47'), ('253', 'O2019091100012', '9800', '0', '123468', '2019-09-11 14:17:24'), ('254', 'O2019091200001', '9800', '0', '123468', '2019-09-12 01:58:56'), ('255', 'O2019092400001', '26000', '0', '554', '2019-09-24 13:35:23'), ('256', 'O2019092500001', '14600', '0', '554', '2019-09-25 14:52:48'), ('257', 'O2019092500002', '26000', '0', '554', '2019-09-25 16:27:34'), ('258', 'O2019092500003', '9800', '0', '554', '2019-09-25 16:31:00'), ('259', 'O2019092500004', '9800', '0', '554', '2019-09-25 16:31:46'), ('260', 'O2019092500005', '9800', '0', '554', '2019-09-25 16:32:11'), ('261', 'O2019120600002', '2400', '2', '123522', '2019-12-06 16:30:32'), ('262', 'O2019120600003', '5600', '2', '123523', '2019-12-06 16:36:37'), ('263', 'O2019120600004', '11200', '0', '123524', '2019-12-06 16:48:09'), ('264', 'O2019120900001', '24000', '2', '123523', '2019-12-09 13:31:13'), ('265', 'O2019120900001', '24000', '2', '123523', '2019-12-09 13:31:17'), ('266', 'O2019120900001', '24000', '2', '123523', '2019-12-09 13:31:20'), ('267', 'O2019120900001', '24000', '2', '123523', '2019-12-09 13:33:32'), ('268', 'O2019120900001', '24000', '2', '123523', '2019-12-09 13:35:47'), ('269', 'O2019120900001', '24000', '2', '123523', '2019-12-09 13:37:05'), ('270', 'O2019120900002', '28000', '2', '123523', '2019-12-09 14:10:49'), ('271', 'O2019120900003', '36000', '2', '123523', '2019-12-09 14:11:20'), ('272', 'O2019120900004', '36000', '2', '123523', '2019-12-09 14:12:26'), ('273', 'O2019120900005', '90000', '2', '123523', '2019-12-09 14:26:36'), ('274', 'O2019120900006', '16200', '0', '123530', '2019-12-09 16:26:44'), ('275', 'O2019120900007', '36000', '2', '123531', '2019-12-09 16:52:29'), ('276', 'O2019121000001', '3600', '0', '123530', '2019-12-10 09:37:25'), ('277', 'O2019121000002', '19600', '2', '123531', '2019-12-10 13:06:15'), ('278', 'O2019121000002', '19600', '2', '123531', '2019-12-10 13:06:16'), ('279', 'O2019121000003', '19600', '0', '123532', '2019-12-10 15:01:22'), ('280', 'O2019121000004', '3600', '2', '123533', '2019-12-10 15:11:08'), ('281', 'O2019121200001', '10400', '2', '123536', '2019-12-12 16:53:19'), ('282', 'O2019121200002', '2800', '2', '123536', '2019-12-12 16:55:48'), ('283', 'O2019121200003', '3600', '2', '123536', '2019-12-12 17:13:46'), ('284', 'O2019121200004', '2800', '2', '123536', '2019-12-12 17:17:54'), ('285', 'O2020121500001', '2400', '2', '554', '2020-12-15 09:11:32'), ('286', 'O2020121500002', '2000', '1', '554', '2020-12-15 10:05:07'), ('287', 'O2020121500003', '2400', '2', '554', '2020-12-15 10:07:09'), ('288', 'O2020121500004', '6400', '1', '554', '2020-12-15 10:10:43'), ('289', 'O2020121500005', '2400', '1', '554', '2020-12-15 10:11:29');
COMMIT;

-- ----------------------------
--  Table structure for `product`
-- ----------------------------
DROP TABLE IF EXISTS `product`;
CREATE TABLE `product` (
  `id` int(5) NOT NULL AUTO_INCREMENT,
  `name` varchar(100) COLLATE utf8_bin DEFAULT NULL,
  `category_id` int(4) DEFAULT NULL,
  `explain` text COLLATE utf8_bin,
  `general_explain` varchar(255) COLLATE utf8_bin DEFAULT NULL,
  `discount` int(4) DEFAULT NULL,
  `shop_price` int(8) DEFAULT NULL,
  `price` int(8) DEFAULT NULL,
  `external_id` varchar(100) COLLATE utf8_bin DEFAULT NULL,
  `quantity` int(8) DEFAULT '0' COMMENT '数量',
  `hot` int(1) DEFAULT NULL,
  `product_status` int(1) NOT NULL DEFAULT '0',
  `inventory_flag` int(1) NOT NULL DEFAULT '0',
  `default_img` varchar(255) COLLATE utf8_bin DEFAULT NULL,
  `update_time` datetime DEFAULT NULL,
  `update_user_id` int(5) DEFAULT NULL,
  `create_time` datetime DEFAULT NULL,
  `create_user_id` int(5) DEFAULT NULL,
  `sort_order` int(8) DEFAULT NULL,
  PRIMARY KEY (`id`) USING BTREE
) ENGINE=InnoDB AUTO_INCREMENT=1084 DEFAULT CHARSET=utf8 COLLATE=utf8_bin ROW_FORMAT=COMPACT;

-- ----------------------------
--  Records of `product`
-- ----------------------------
BEGIN;
INSERT INTO `product` VALUES ('933', '新鲜冬枣 1500g 礼盒装 大荔冬枣 水果礼盒    新鲜水果 冬枣 顺丰快递发货 3斤礼盒装', '2', '<ul class=\"attributes-list list-paddingleft-2\" style=\"list-style-type: none;\">\n    <li>\n        <p>\n            产地:&nbsp;中国大陆\n        </p>\n    </li>\n    <li>\n        <p>\n            省份:&nbsp;河北省\n        </p>\n    </li>\n    <li>\n        <p>\n            城市:&nbsp;沧州市\n        </p>\n    </li>\n    <li>\n        <p>\n            同城服务:&nbsp;同城24小时卖家送货上门\n        </p>\n    </li>\n    <li>\n        <p>\n            包装方式:&nbsp;食用农产品\n        </p>\n    </li>\n    <li>\n        <p>\n            水果种类:&nbsp;冬枣\n        </p>\n    </li>\n    <li>\n        <p>\n            热卖时间:&nbsp;1月 2月 3月 4月 5月 6月 7月 8月 9月 10月 11月 12月\n        </p>\n    </li>\n    <li>\n        <p>\n            净含量:&nbsp;2500g\n        </p>\n    </li>\n</ul>\n<p>\n    <br/>\n</p>\n<p>\n    <img src=\"http://192.168.3.138:8080/Shopping/upload/image/20201222/1608615500941085194.jpg\" style=\"width: 595px\" title=\"1608615500941085194.jpg\" alt=\"1.jpg\"/><img src=\"http://192.168.3.138:8080/Shopping/upload/image/20201222/1608615642873005298.jpg\"  style=\"width: 595px\" title=\"1608615642873005298.jpg\" alt=\"2.jpg\"/><img style=\"width: 595px\" src=\"http://192.168.3.138:8080/Shopping/upload/image/20201222/1608615645803068341.jpg\" title=\"1608615645803068341.jpg\" alt=\"3.jpg\"/><img style=\"width: 595px\" src=\"http://192.168.3.138:8080/Shopping/upload/image/20201222/1608615648773039466.jpg\" style=\"width: 595px\" title=\"1608615648773039466.jpg\" alt=\"4.jpg\"/><img style=\"width: 595px\" src=\"http://192.168.3.138:8080/Shopping/upload/image/20201222/1608615651471057273.jpg\" style=\"width: 595px\" title=\"1608615651471057273.jpg\" alt=\"5.jpg\"/>\n</p>\n<p>\n    <br/>\n</p>\n<p>\n    <br/>\n</p>\n<p>\n    <br/>\n</p>\n<p>\n    <br/>\n</p>', '', '2000', '14700', '19600', '', '1998', '1', '0', '0', '/resources/upload/c05f7df2362d49399d78262637f03eb9.jpg', '2020-12-22 13:42:07', '3', '2016-10-30 08:26:05', '3', '22'), ('941', '百宝源 新疆阿克苏冰糖心苹果 红富士苹果水果 2.5kg(80-85mm)果', '2', '<p>品牌名称：<span class=\"J_EbrandLogo\" style=\"margin: 0px; padding: 0px; color: rgb(51, 51, 51);\">果庆</span></p><p class=\"attr-list-hd tm-clear\" style=\"margin-top: 0px; margin-bottom: 0px; padding: 5px 20px; line-height: 22px; color: rgb(153, 153, 153); font-family: tahoma, arial, 微软雅黑, sans-serif; font-size: 12px; white-space: normal; background-color: rgb(255, 255, 255);\"><span style=\"margin: 0px; padding: 0px; font-weight: 700; float: left; font-size: 16px;\">产品参数：</span></p><ul style=\"list-style-type: none;\" class=\" list-paddingleft-2\"><li><p><br/></p></li><li><p>厂名：辽宁嘉鲜食品有限公司</p></li><li><p>厂址：辽宁省鞍山市台安县农高区</p></li><li><p>厂家联系方式：13335918082</p></li><li><p>保质期：7 天</p></li><li><p>品牌:&nbsp;果庆</p></li><li><p>价格:&nbsp;0-50元</p></li><li><p>产地:&nbsp;中国大陆</p></li><li><p>省份:&nbsp;辽宁省</p></li><li><p>城市:&nbsp;鞍山市</p></li><li><p>包装方式:&nbsp;箱装</p></li><li><p>售卖方式:&nbsp;单品</p></li><li><p>套餐份量:&nbsp;2人份</p></li></ul><p><img src=\"http://192.168.3.138:8080/Shopping/upload/image/20201222/1608616593930011049.jpg\" title=\"1608616593930011049.jpg\" alt=\"1.jpg\"/><img src=\"http://192.168.3.138:8080/Shopping/upload/image/20201222/1608616596699071343.jpg\" title=\"1608616596699071343.jpg\" alt=\"2.jpg\"/><img src=\"http://192.168.3.138:8080/Shopping/upload/image/20201222/1608616599725033535.jpg\" title=\"1608616599725033535.jpg\" alt=\"3.jpg\"/><img src=\"http://192.168.3.138:8080/Shopping/upload/image/20201222/1608616602539065316.jpg\" title=\"1608616602539065316.jpg\" alt=\"4.jpg\"/><img src=\"http://192.168.3.138:8080/Shopping/upload/image/20201222/1608616605164019447.jpg\" title=\"1608616605164019447.jpg\" alt=\"5.jpg\"/><img src=\"http://192.168.3.138:8080/Shopping/upload/image/20201222/1608616607638070241.jpg\" title=\"1608616607638070241.jpg\" alt=\"6.jpg\"/></p>', '', '2000', '8700', '11600', '', '2000', '0', '0', '0', '/resources/upload/abcff7741cf34fb09b4c0970cccf3cc5.jpg', '2020-12-22 13:56:50', '3', '2016-10-30 08:26:05', '3', null), ('942', '密园小农  密云当地新鲜西红柿 约2kg 自然熟 沙瓤 新鲜蔬菜', '2', '<ul class=\"attributes-list list-paddingleft-2\" style=\"list-style-type: none;\"><li><p>品牌:&nbsp;咔嘣脆</p></li><li><p>产地:&nbsp;中国大陆</p></li><li><p>省份:&nbsp;云南省</p></li><li><p>是否为有机食品:&nbsp;否</p></li><li><p>净含量:&nbsp;1.5-1.5kg 2.5-2.5kg 0.5-0.5kg 4.9-5kg</p></li><li><p>包装方式:&nbsp;食用农产品</p></li><li><p>上市时间:&nbsp;6月</p></li><li><p>套餐份量:&nbsp;5人份</p></li><li><p>蔬菜种类:&nbsp;普罗旺斯西红柿</p></li><li><p>储存温度:&nbsp;常温</p></li><li><p>食用方式:&nbsp;即食</p></li></ul><p><img src=\"http://192.168.3.138:8080/Shopping/upload/image/20201222/1608616467254045725.jpg\" title=\"1608616467254045725.jpg\" alt=\"1.jpg\"/><img src=\"http://192.168.3.138:8080/Shopping/upload/image/20201222/1608616469925007681.jpg\" title=\"1608616469925007681.jpg\" alt=\"2.jpg\"/><img src=\"http://192.168.3.138:8080/Shopping/upload/image/20201222/1608616473703036587.jpg\" title=\"1608616473703036587.jpg\" alt=\"3.jpg\"/><img src=\"http://192.168.3.138:8080/Shopping/upload/image/20201222/1608616477001043989.jpg\" title=\"1608616477001043989.jpg\" alt=\"4.jpg\"/><img src=\"http://192.168.3.138:8080/Shopping/upload/image/20201222/1608616479703057924.jpg\" title=\"1608616479703057924.jpg\" alt=\"5.jpg\"/><img src=\"http://192.168.3.138:8080/Shopping/upload/image/20201222/1608616482128044662.jpg\" title=\"1608616482128044662.jpg\" alt=\"6.jpg\"/><img src=\"http://192.168.3.138:8080/Shopping/upload/image/20201222/1608616484824042315.jpg\" title=\"1608616484824042315.jpg\" alt=\"7.jpg\"/><img src=\"http://192.168.3.138:8080/Shopping/upload/image/20201222/1608616487103037431.jpg\" title=\"1608616487103037431.jpg\" alt=\"8.jpg\"/><img src=\"http://192.168.3.138:8080/Shopping/upload/image/20201222/1608616489779008754.jpg\" title=\"1608616489779008754.jpg\" alt=\"9.jpg\"/><img src=\"http://192.168.3.138:8080/Shopping/upload/image/20201222/1608616492850074359.jpg\" title=\"1608616492850074359.jpg\" alt=\"10.jpg\"/></p>', '', '2000', '6750', '9000', '', '1989', '0', '0', '0', '/resources/upload/97812ce7d175451484ce43705ad6d5c3.jpg', '2020-12-22 13:54:54', '3', '2016-10-30 12:25:54', '3', null), ('943', '密园小农 密云当地新鲜圆生菜 球生菜 约500g 新鲜蔬菜', '2', '<ul class=\"attributes-list list-paddingleft-2\" style=\"list-style-type: none;\"><li><p>产地:&nbsp;中国大陆</p></li><li><p>省份:&nbsp;云南省</p></li><li><p>城市:&nbsp;昆明市</p></li><li><p>包装方式:&nbsp;食用农产品</p></li><li><p>售卖方式:&nbsp;单品</p></li><li><p>套餐份量:&nbsp;5人份</p></li><li><p>套餐周期:&nbsp;1周</p></li><li><p>配送频次:&nbsp;1周1次</p></li><li><p>品种:&nbsp;生菜</p></li><li><p>净含量:&nbsp;2500g 1500g</p></li><li><p>生鲜储存温度:&nbsp;0-8℃</p></li></ul><p><img src=\"http://192.168.3.138:8080/Shopping/upload/image/20201222/1608616365744040145.jpg\" title=\"1608616365744040145.jpg\" alt=\"1.jpg\"/><img src=\"http://192.168.3.138:8080/Shopping/upload/image/20201222/1608616368410033488.jpg\" title=\"1608616368410033488.jpg\" alt=\"2.jpg\"/><img src=\"http://192.168.3.138:8080/Shopping/upload/image/20201222/1608616371488059371.jpg\" title=\"1608616371488059371.jpg\" alt=\"3.jpg\"/><img src=\"http://192.168.3.138:8080/Shopping/upload/image/20201222/1608616374006035681.jpg\" title=\"1608616374006035681.jpg\" alt=\"4.jpg\"/><img src=\"http://192.168.3.138:8080/Shopping/upload/image/20201222/1608616376363013947.jpg\" title=\"1608616376363013947.jpg\" alt=\"5.jpg\"/></p>', '', '2000', '2700', '3600', '', '1964', '1', '0', '0', '/resources/upload/975251f97af745eebfc764f9a0cfdc0b.jpg', '2020-12-22 13:52:58', '3', '2016-10-30 12:25:55', '3', null), ('944', '密园小农 新鲜西兰花 500g  当天采摘蔬菜', '2', '<ul class=\"attributes-list list-paddingleft-2\" style=\"list-style-type: none;\"><li><p>品牌:&nbsp;先正达</p></li><li><p>颜色分类:&nbsp;蔓陀绿西兰花种 100粒分装 蔓陀绿西兰花种 500粒分装 蔓陀绿西兰花种 2000粒原装 撒利奥55青花菜 2000粒/袋 文兴西兰花种子 10克原装 优秀西兰花种子 2000粒原装 炎秀西兰花种子 2000粒原装 耐寒优秀西兰花种子 2000粒原装 西兰花苗 5棵 西兰花苗 10棵 西兰花苗 20棵 蔬菜种植盆 1个 寿禾营养土10L/袋（约2.5kg）</p></li><li><p>包装方式:&nbsp;厂家封装</p></li><li><p>是否进口:&nbsp;国产</p></li><li><p>开花季节:&nbsp;夏季 秋季</p></li><li><p>植物品种:&nbsp;其他</p></li><li><p>种子类别:&nbsp;蔬菜种子 其他</p></li><li><p>播种季节:&nbsp;春季 秋季</p></li><li><p>植物生长属性:&nbsp;一年生</p></li><li><p>难易程度:&nbsp;简单</p></li></ul><p><img src=\"http://192.168.3.138:8080/Shopping/upload/image/20201222/1608616090964079737.jpg\" title=\"1608616090964079737.jpg\" alt=\"1.jpg\"/><img src=\"http://192.168.3.138:8080/Shopping/upload/image/20201222/1608616094813085432.jpg\" title=\"1608616094813085432.jpg\" alt=\"2.jpg\"/><img src=\"http://192.168.3.138:8080/Shopping/upload/image/20201222/1608616099200022691.jpg\" title=\"1608616099200022691.jpg\" alt=\"3.jpg\"/><img src=\"http://192.168.3.138:8080/Shopping/upload/image/20201222/1608616102379090946.jpg\" title=\"1608616102379090946.jpg\" alt=\"4.jpg\"/><img src=\"http://192.168.3.138:8080/Shopping/upload/image/20201222/1608616104759036015.jpg\" title=\"1608616104759036015.jpg\" alt=\"5.jpg\"/><img src=\"http://192.168.3.138:8080/Shopping/upload/image/20201222/1608616107481018468.jpg\" title=\"1608616107481018468.jpg\" alt=\"6.jpg\"/><img src=\"http://192.168.3.138:8080/Shopping/upload/image/20201222/1608616110471090167.jpg\" title=\"1608616110471090167.jpg\" alt=\"7.jpg\"/><img src=\"http://192.168.3.138:8080/Shopping/upload/image/20201222/1608616112961012933.jpg\" title=\"1608616112961012933.jpg\" alt=\"8.jpg\"/></p>', '', '2000', '2100', '2800', '', '1982', '1', '0', '0', '/resources/upload/f55b147033d84497a54fd5c34c75e153.jpg', '2020-12-22 13:48:34', '3', '2016-10-30 12:25:55', '3', null), ('945', '密园小农 密云当地新鲜白萝卜 约500g 新鲜蔬菜', '2', '<ul class=\"attributes-list list-paddingleft-2\" style=\"list-style-type: none;\"><li><p>品牌:&nbsp;广深</p></li><li><p>颜色分类:&nbsp;九斤王大萝卜种子 20g原装×1包 九斤王大萝卜种子 20g原装×5包 九斤王大萝卜种子 20g原装×10包</p></li><li><p>包装方式:&nbsp;厂家封装</p></li><li><p>是否进口:&nbsp;国产</p></li><li><p>开花季节:&nbsp;春季</p></li><li><p>植物品种:&nbsp;萝卜</p></li><li><p>种子类别:&nbsp;蔬菜种子</p></li><li><p>播种季节:&nbsp;春季 秋季</p></li><li><p>植物生长属性:&nbsp;一年生</p></li><li><p>难易程度:&nbsp;简单</p></li></ul><p><img src=\"http://192.168.3.138:8080/Shopping/upload/image/20201222/1608615968474034485.jpg\" title=\"1608615968474034485.jpg\" alt=\"1.jpg\"/><img src=\"http://192.168.3.138:8080/Shopping/upload/image/20201222/1608615971020071474.jpg\" title=\"1608615971020071474.jpg\" alt=\"2.jpg\"/><img src=\"http://192.168.3.138:8080/Shopping/upload/image/20201222/1608615974388022189.jpg\" title=\"1608615974388022189.jpg\" alt=\"3.jpg\"/><img src=\"http://192.168.3.138:8080/Shopping/upload/image/20201222/1608615977729042090.jpg\" title=\"1608615977729042090.jpg\" alt=\"4.jpg\"/><img src=\"http://192.168.3.138:8080/Shopping/upload/image/20201222/1608615980585004536.jpg\" title=\"1608615980585004536.jpg\" alt=\"5.jpg\"/><img src=\"http://192.168.3.138:8080/Shopping/upload/image/20201222/1608615982962034908.jpg\" title=\"1608615982962034908.jpg\" alt=\"6.jpg\"/><img src=\"http://192.168.3.138:8080/Shopping/upload/image/20201222/1608615985268085510.jpg\" title=\"1608615985268085510.jpg\" alt=\"7.jpg\"/></p>', '', '2000', '1800', '2400', '', '1983', '1', '0', '0', '/resources/upload/54f21981ff2d4ca48114165568942b62.jpg', '2020-12-22 13:46:26', '3', '2016-10-30 12:25:55', '3', null), ('946', '密园小农 新鲜胡萝卜 500g  密云本地胡萝卜当天配送蔬菜 1斤装', '2', '<p>品牌名称：<span class=\"J_EbrandLogo\" style=\"margin: 0px; padding: 0px; color: rgb(51, 51, 51);\">虾郡王</span></p><p class=\"attr-list-hd tm-clear\" style=\"margin-top: 0px; margin-bottom: 0px; padding: 5px 20px; line-height: 22px; color: rgb(153, 153, 153); font-family: tahoma, arial, 微软雅黑, sans-serif; font-size: 12px; white-space: normal; background-color: rgb(255, 255, 255);\"><span style=\"margin: 0px; padding: 0px; font-weight: 700; float: left; font-size: 16px;\">产品参数：</span></p><ul style=\"list-style-type: none;\" class=\" list-paddingleft-2\"><li><p><br/></p></li><li><p>厂名：虾郡王旗舰店</p></li><li><p>厂址：河南省开封市通许县</p></li><li><p>厂家联系方式：17710413688</p></li><li><p>配料表：天然种植</p></li><li><p>储藏方法：常温冷藏</p></li><li><p>保质期：7 天</p></li><li><p>品牌:&nbsp;虾郡王</p></li><li><p>产地:&nbsp;中国大陆</p></li><li><p>省份:&nbsp;河南省</p></li><li><p>净含量:&nbsp;1.4-1.5kg&nbsp;2.4-2.5kg&nbsp;4.5-5kg</p></li><li><p>包装方式:&nbsp;食用农产品</p></li><li><p>套餐份量:&nbsp;3人份</p></li><li><p>品种:&nbsp;胡萝卜</p></li><li><p>储存温度:&nbsp;常温</p></li><li><p>食用方式:&nbsp;炒菜食用</p></li></ul><p><img src=\"http://192.168.3.138:8080/Shopping/upload/image/20201222/1608615867859062040.jpg\" title=\"1608615867859062040.jpg\" alt=\"1.jpg\"/><img src=\"http://192.168.3.138:8080/Shopping/upload/image/20201222/1608615870225078005.jpg\" title=\"1608615870225078005.jpg\" alt=\"2.jpg\"/><img src=\"http://192.168.3.138:8080/Shopping/upload/image/20201222/1608615874151068636.jpg\" title=\"1608615874151068636.jpg\" alt=\"3.jpg\"/><img src=\"http://192.168.3.138:8080/Shopping/upload/image/20201222/1608615877470014957.jpg\" title=\"1608615877470014957.jpg\" alt=\"4.jpg\"/><img src=\"http://192.168.3.138:8080/Shopping/upload/image/20201222/1608615879941071012.jpg\" title=\"1608615879941071012.jpg\" alt=\"5.jpg\"/><img src=\"http://192.168.3.138:8080/Shopping/upload/image/20201222/1608615882228097044.jpg\" title=\"1608615882228097044.jpg\" alt=\"6.jpg\"/><img src=\"http://192.168.3.138:8080/Shopping/upload/image/20201222/1608615884667013229.jpg\" title=\"1608615884667013229.jpg\" alt=\"7.jpg\"/></p>', '', '2000', '1500', '2000', '', '1996', '1', '0', '0', '/resources/upload/32a59763fa4c48e4a6ee01f080664b96.jpg', '2020-12-22 13:44:46', '3', '2016-10-30 12:25:55', '3', null), ('957', ' 密农人家   密云农家 长茄子 新鲜蔬菜 自然成熟 现摘发货 400g', '2', '<ul class=\"attributes-list list-paddingleft-2\" style=\"list-style-type: none;\"><li><p>品牌:&nbsp;苗师傅</p></li><li><p>颜色分类:&nbsp;西南红丽1619茄子种子 50粒简装 西南红丽1619茄子种子 200粒简装 春喜西南红丽1619茄子 1000粒/袋</p></li><li><p>包装方式:&nbsp;简装</p></li><li><p>是否进口:&nbsp;国产</p></li><li><p>开花季节:&nbsp;春季 秋季</p></li><li><p>植物品种:&nbsp;茄子</p></li><li><p>种子类别:&nbsp;蔬菜种子</p></li><li><p>播种季节:&nbsp;春季 秋季</p></li><li><p>植物生长属性:&nbsp;一年生</p></li><li><p>难易程度:&nbsp;简单</p></li></ul><p><img src=\"http://192.168.3.138:8080/Shopping/upload/image/20201222/1608616756173028295.jpg\" title=\"1608616756173028295.jpg\" alt=\"1.jpg\"/><img src=\"http://192.168.3.138:8080/Shopping/upload/image/20201222/1608616759140075578.jpg\" title=\"1608616759140075578.jpg\" alt=\"2.jpg\"/><img src=\"http://192.168.3.138:8080/Shopping/upload/image/20201222/1608616762009057798.jpg\" title=\"1608616762009057798.jpg\" alt=\"3.jpg\"/><img src=\"http://192.168.3.138:8080/Shopping/upload/image/20201222/1608616765137071620.jpg\" title=\"1608616765137071620.jpg\" alt=\"4.jpg\"/><img src=\"http://192.168.3.138:8080/Shopping/upload/image/20201222/1608616767843033157.jpg\" title=\"1608616767843033157.jpg\" alt=\"5.jpg\"/></p>', ' 密农人家   密云农家 长茄子 新鲜蔬菜 自然成熟 现摘发货 400g', '2000', '1350', '1800', '0565941165', '2000', '1', '0', '0', '/resources/upload/9e8541d3463b49a59bcc6e1742b313d2.jpg', '2020-12-22 13:59:53', '3', '2016-10-30 12:25:56', '3', '8'), ('992', '密园小农 水库散养新鲜柴鹅蛋 12枚装 约1.5kg 农家散养鲜鹅蛋 土鹅蛋 ', '2', '<ul class=\"attributes-list list-paddingleft-2\" style=\"list-style-type: none;\"><li><p>产地:&nbsp;中国大陆</p></li><li><p>省份:&nbsp;河南省</p></li><li><p>城市:&nbsp;安阳市</p></li><li><p>重量(g):&nbsp;1500</p></li><li><p>包装方式:&nbsp;食用农产品</p></li><li><p>售卖方式:&nbsp;单品</p></li><li><p>套餐周期:&nbsp;2周</p></li><li><p>生鲜储存温度:&nbsp;8-15℃</p></li><li><p>枚数:&nbsp;12头</p></li></ul><p><img src=\"http://192.168.3.138:8080/Shopping/upload/image/20201222/1608617389476004951.jpg\" title=\"1608617389476004951.jpg\" alt=\"1.jpg\"/><img src=\"http://192.168.3.138:8080/Shopping/upload/image/20201222/1608617392553061908.jpg\" title=\"1608617392553061908.jpg\" alt=\"2.jpg\"/><img src=\"http://192.168.3.138:8080/Shopping/upload/image/20201222/1608617403685064252.jpg\" title=\"1608617403685064252.jpg\" alt=\"3.jpg\"/><img src=\"http://192.168.3.138:8080/Shopping/upload/image/20201222/1608617406659076099.jpg\" title=\"1608617406659076099.jpg\" alt=\"4.jpg\"/><img src=\"http://192.168.3.138:8080/Shopping/upload/image/20201222/1608617409271071772.jpg\" title=\"1608617409271071772.jpg\" alt=\"5.jpg\"/><img src=\"http://192.168.3.138:8080/Shopping/upload/image/20201222/1608617413100035221.jpg\" title=\"1608617413100035221.jpg\" alt=\"6.jpg\"/><img src=\"http://192.168.3.138:8080/Shopping/upload/image/20201222/1608617416260009004.jpg\" title=\"1608617416260009004.jpg\" alt=\"7.jpg\"/><img src=\"http://192.168.3.138:8080/Shopping/upload/image/20201222/1608617418645043075.jpg\" title=\"1608617418645043075.jpg\" alt=\"8.jpg\"/></p>', '', '2000', '18000', '24099', '', '2000', '0', '0', '0', '/resources/upload/4954a09f444a4347ad5c26c00fc4f509.jpg', '2020-12-22 14:10:20', '3', '2016-10-30 12:25:58', '3', null), ('998', '美的洗衣机', '55', '<p>品牌名称：<span class=\"J_EbrandLogo\" style=\"margin: 0px; padding: 0px; color: rgb(51, 51, 51);\">Midea/美的</span></p><p class=\"attr-list-hd tm-clear\" style=\"margin-top: 0px; margin-bottom: 0px; padding: 5px 20px; line-height: 22px; color: rgb(153, 153, 153); font-family: tahoma, arial, 微软雅黑, sans-serif; font-size: 12px; white-space: normal; background-color: rgb(255, 255, 255);\"><a class=\"ui-more-nbg tm-MRswitchAttrs\" href=\"https://detail.tmall.com/item.htm?spm=a230r.1.14.6.5b1e74f5pmJQfW&id=630808253883&cm_id=140105335569ed55e27b&abbucket=6&skuId=4495082141795#J_Attrs\" style=\"margin: 0px; padding: 0px 28px 0px 10px; text-decoration-line: none; color: rgb(153, 153, 153); outline: 0px; position: relative; display: inline-block; height: 20px; line-height: 22px; float: right;\"><br/></a><a class=\"ui-more-nbg tm-MRswitchAttrs\" href=\"https://detail.tmall.com/item.htm?spm=a230r.1.14.6.5b1e74f5pmJQfW&id=630808253883&cm_id=140105335569ed55e27b&abbucket=6&skuId=4495082141795#J_Attrs\" style=\"margin: 0px; padding: 0px 28px 0px 10px; text-decoration-line: none; color: rgb(153, 153, 153); outline: 0px; position: relative; display: inline-block; height: 20px; line-height: 22px; float: right;\">更多参数<em class=\"ui-more-nbg-arrow tm-MRswitchAttrs\" style=\"margin: 0px; padding: 0px; background-image: url(&quot;//assets.alicdn.com/apps/tmall/mui/more/img/more.png&quot;); background-repeat: no-repeat; position: absolute; display: inline-block; top: 6px; right: 10px; height: 13px; line-height: 13px; width: 13px; overflow: hidden; background-position: 0px -26px;\"></em></a><span style=\"margin: 0px; padding: 0px; font-weight: 700; float: left; font-size: 16px;\">产品参数：</span></p><ul style=\"list-style-type: none;\" class=\" list-paddingleft-2\"><li><p><br/></p></li><li><p>产品名称：Midea/美的 MG100-1403D</p></li><li><p>洗衣机品牌:&nbsp;Midea/美的</p></li><li><p>型号:&nbsp;MG100-1403DY</p></li><li><p>使用方式:&nbsp;全自动</p></li><li><p>洗衣程序:&nbsp;,混合洗,节能,羽绒洗,单脱水</p></li><li><p>能效等级:&nbsp;一级</p></li><li><p>产品类型:&nbsp;滚筒洗衣机</p></li><li><p>电机类型:&nbsp;直驱变频电机</p></li></ul><p><img src=\"http://localhost:8080/Shopping/upload/image/20201222/1608599825387035010.jpg\" title=\"1608599825387035010.jpg\" alt=\"O1CN01g6ZQDq1IOul0UsBKc_!!2616970884.jpg\" width=\"789\" height=\"674\"/></p><p><img src=\"http://localhost:8080/Shopping/upload/image/20201222/1608599869575077157.jpg\" title=\"1608599869575077157.jpg\" alt=\"O1CN01LCtSUA1IOul33x6us_!!2616970884.jpg\"/></p><p><br/></p><p><br/></p><p><br/></p><p><br/></p>', '美的洗衣机全自动10公斤kg大容量家用直驱变频滚筒 MG100-1403DY', null, '339900', '349900', '01001', '100', '1', '0', '0', '/resources/upload/d3f90d3895e740968e565fa21d5d6df8.jpg_250x250', '2020-12-22 09:20:22', '3', '2020-12-22 09:18:16', '3', '1'), ('999', '【现货抢春节前收货】苏菲洛克 床 北欧简约双人储物床', '50', '<p><span style=\"color: rgb(102, 102, 102); font-family: Arial, \"></span></p><ul class=\"p-parameter-list list-paddingleft-2\" style=\"list-style-type: none;\"><li><p>品牌：苏菲洛克</p></li><li><p>商品名称：苏菲洛克（SUFEILUOKE）M11</p></li><li><p>商品编号：31514382193</p></li><li><p>商品毛重：100.0kg</p></li><li><p>商品产地：中国大陆</p></li><li><p>货号：M11</p></li><li><p>做旧工艺：布印</p></li><li><p>适用人数：双人床</p></li><li><p>材质类别：板式床</p></li><li><p>适用床垫尺寸：1.5*2.0m</p></li><li><p>是否可定制：不可定制</p></li><li><p>床板开合方式：气压开合</p></li><li><p>床板样式：板式</p></li><li><p>床体结构：箱框结构</p></li><li><p>风格：现代简约</p></li><li><p>是否带软靠：带软靠</p></li></ul><p><img src=\"http://192.168.3.138:8080/Shopping/upload/image/20201222/1608600980471079004.jpg\" title=\"1608600980471079004.jpg\" alt=\"52e8bbe0a54a2831 (1).jpg\"/><br/></p><p><span style=\"color: rgb(102, 102, 102); font-family: Arial, \"><img src=\"http://192.168.3.138:8080/Shopping/upload/image/20201222/1608600969282020666.jpg\" title=\"1608600969282020666.jpg\" alt=\"db122d30f8152eaa.jpg\"/></span></p>', '【现货抢春节前收货】苏菲洛克 床 北欧简约双人储物床高箱床婚床卧室家具 迪洛系列 B款床+床头柜*1 1.5*2米', null, '188800', '199900', '06001', '20', '1', '0', '0', '/resources/upload/379d9e7d35de4ccaa837895fb3562fd6.jpg', '2020-12-22 14:02:34', '3', '2020-12-22 09:36:40', '3', null), ('1000', '巧太太7字型大吸力抽油畑机家用厨房顶侧双吸智能体感油烟机', '55', '<p>品牌名称：<span class=\"J_EbrandLogo\" style=\"margin: 0px; padding: 0px; color: rgb(51, 51, 51);\">巧太太</span></p><p class=\"attr-list-hd tm-clear\" style=\"margin-top: 0px; margin-bottom: 0px; padding: 5px 20px; line-height: 22px; color: rgb(153, 153, 153); font-family: tahoma, arial, 微软雅黑, sans-serif; font-size: 12px; white-space: normal; background-color: rgb(255, 255, 255);\"><span style=\"margin: 0px; padding: 0px; font-weight: 700; float: left; font-size: 16px;\">产品参数：</span></p><ul style=\"list-style-type: none;\" class=\" list-paddingleft-2\"><li><p><br/></p></li><li><p>证书编号：2019180716010295&nbsp; &nbsp; &nbsp; &nbsp; &nbsp; &nbsp; &nbsp; &nbsp; &nbsp; &nbsp; &nbsp; &nbsp; &nbsp; &nbsp; &nbsp; &nbsp; &nbsp; &nbsp; &nbsp; &nbsp; 证书状态：有效</p></li><li><p>产品名称：吸油烟机&nbsp; &nbsp; &nbsp; &nbsp; &nbsp; &nbsp; &nbsp; &nbsp; &nbsp; &nbsp; &nbsp; &nbsp; &nbsp; &nbsp; &nbsp; &nbsp; &nbsp; &nbsp; &nbsp; &nbsp; &nbsp; &nbsp; &nbsp; &nbsp; &nbsp; &nbsp; &nbsp; &nbsp; &nbsp; 3C规格型号：见附件</p></li><li><p>油烟机品牌:&nbsp;巧太太&nbsp; &nbsp; &nbsp; &nbsp; &nbsp; &nbsp; &nbsp; &nbsp; &nbsp; &nbsp; &nbsp; &nbsp; &nbsp; &nbsp; &nbsp; &nbsp; &nbsp; &nbsp; &nbsp; &nbsp; &nbsp; &nbsp; &nbsp; &nbsp; &nbsp; &nbsp; &nbsp; &nbsp; &nbsp; &nbsp; 型号:&nbsp;CXW-250-A379</p></li><li><p>材质:&nbsp;钢化玻璃+不锈钢&nbsp; &nbsp; &nbsp; &nbsp; &nbsp; &nbsp; &nbsp; &nbsp; &nbsp; &nbsp; &nbsp; &nbsp; &nbsp; &nbsp; &nbsp; &nbsp; &nbsp; &nbsp; &nbsp; &nbsp; &nbsp; &nbsp; &nbsp; &nbsp; &nbsp; &nbsp; &nbsp; 售后服务:&nbsp;全国联保</p></li><li><p>产地:&nbsp;中国大陆&nbsp; &nbsp; &nbsp; &nbsp; &nbsp; &nbsp; &nbsp; &nbsp; &nbsp; &nbsp; &nbsp; &nbsp; &nbsp; &nbsp; &nbsp; &nbsp; &nbsp; &nbsp; &nbsp; &nbsp; &nbsp; &nbsp; &nbsp; &nbsp; &nbsp; &nbsp; &nbsp; &nbsp; &nbsp; &nbsp; &nbsp; &nbsp; &nbsp; &nbsp;尺寸:&nbsp;900*755*290</p></li><li><p>颜色分类:&nbsp;体感油烟机&nbsp;油烟机+燃气灶（液化气）&nbsp;油烟机+燃气灶（天然气）</p></li><li><p>净重:&nbsp;20&nbsp; &nbsp; &nbsp; &nbsp; &nbsp; &nbsp; &nbsp; &nbsp; &nbsp; &nbsp; &nbsp; &nbsp; &nbsp; &nbsp; &nbsp; &nbsp; &nbsp; &nbsp; &nbsp; &nbsp; &nbsp; &nbsp; &nbsp; &nbsp; &nbsp; &nbsp; &nbsp; &nbsp; &nbsp; &nbsp; &nbsp; &nbsp; &nbsp; &nbsp; &nbsp; &nbsp; &nbsp; &nbsp; 毛重:&nbsp;18</p></li><li><p>烟机安装位置:&nbsp;侧吸式&nbsp; &nbsp; &nbsp; &nbsp; &nbsp; &nbsp; &nbsp; &nbsp; &nbsp; &nbsp; &nbsp; &nbsp; &nbsp; &nbsp; &nbsp; &nbsp; &nbsp; &nbsp; &nbsp; &nbsp; &nbsp; &nbsp; &nbsp; &nbsp; &nbsp; &nbsp; &nbsp; &nbsp; 拢烟罩结构:&nbsp;深罩型</p></li><li><p>同城服务:&nbsp;同城上门安装&nbsp; &nbsp; &nbsp; &nbsp; &nbsp; &nbsp; &nbsp; &nbsp; &nbsp; &nbsp; &nbsp; &nbsp; &nbsp; &nbsp; &nbsp; &nbsp; &nbsp; &nbsp; &nbsp; &nbsp; &nbsp; &nbsp; &nbsp; &nbsp; &nbsp; &nbsp; &nbsp;机身材质:&nbsp;钢化玻璃</p></li><li><p>包装尺寸:&nbsp;900*290*775&nbsp; &nbsp; &nbsp; &nbsp; &nbsp; &nbsp; &nbsp; &nbsp; &nbsp; &nbsp; &nbsp; &nbsp; &nbsp; &nbsp; &nbsp; &nbsp; &nbsp; &nbsp; &nbsp; &nbsp; &nbsp; &nbsp; &nbsp; &nbsp; &nbsp; &nbsp; 生产企业:&nbsp;中山市巧太太卫厨电器有限公司</p></li><li><p>油烟机种类:&nbsp;侧吸&nbsp; &nbsp; &nbsp; &nbsp; &nbsp; &nbsp; &nbsp; &nbsp; &nbsp; &nbsp; &nbsp; &nbsp; &nbsp; &nbsp; &nbsp; &nbsp; &nbsp; &nbsp; &nbsp; &nbsp; &nbsp; &nbsp; &nbsp; &nbsp; &nbsp; &nbsp; &nbsp; &nbsp; &nbsp; &nbsp; &nbsp; &nbsp;按键类型:&nbsp;轻触开关</p></li><li><p>控制面板材质:&nbsp;钢化玻璃+不锈钢&nbsp;&nbsp; &nbsp; &nbsp; &nbsp; &nbsp; &nbsp; &nbsp; &nbsp; &nbsp; &nbsp; &nbsp; &nbsp; &nbsp; &nbsp; &nbsp; &nbsp; &nbsp; &nbsp; &nbsp; &nbsp;智能类型:&nbsp;其他智能</p></li><li><p>油烟机排风量:&nbsp;22立方米/分钟&nbsp;&nbsp; &nbsp; &nbsp; &nbsp; &nbsp; &nbsp; &nbsp; &nbsp; &nbsp; &nbsp; &nbsp; &nbsp; &nbsp; &nbsp; &nbsp; &nbsp; &nbsp; &nbsp; &nbsp; &nbsp; &nbsp; &nbsp;噪声:&nbsp;65dB</p></li><li><p>上市时间:&nbsp;2020-10&nbsp; &nbsp; &nbsp; &nbsp; &nbsp; &nbsp; &nbsp; &nbsp; &nbsp; &nbsp; &nbsp; &nbsp; &nbsp; &nbsp; &nbsp; &nbsp; &nbsp; &nbsp; &nbsp; &nbsp; &nbsp; &nbsp; &nbsp; &nbsp; &nbsp; &nbsp; &nbsp; &nbsp; &nbsp; &nbsp; 保修期:&nbsp;12个月</p></li></ul><ul class=\" list-paddingleft-2\"><!-- 健字号相关--></ul><p><img src=\"http://localhost:8080/Shopping/upload/image/20201222/1608600977558039805.jpg\" title=\"1608600977558039805.jpg\" alt=\"O1CN01egCjy81IOukv2BD3C_!!2616970884.jpg\"/></p><p><img src=\"http://localhost:8080/Shopping/upload/image/20201222/1608600984546002617.jpg\" title=\"1608600984546002617.jpg\" alt=\"O1CN01fYQavz1IOukuvVSAW_!!2616970884.jpg\"/></p><p><img src=\"http://localhost:8080/Shopping/upload/image/20201222/1608600989818003502.jpg\" title=\"1608600989818003502.jpg\" alt=\"O1CN01KS7GBX1IOulQtsDrX_!!2616970884.jpg\"/></p><p><img src=\"http://localhost:8080/Shopping/upload/image/20201222/1608600994284060193.jpg\" title=\"1608600994284060193.jpg\" alt=\"O1CN01Lo6T8X1IOukyohfNV_!!2616970884.jpg\"/></p><p><img src=\"http://localhost:8080/Shopping/upload/image/20201222/1608600998502082789.jpg\" title=\"1608600998502082789.jpg\" alt=\"O1CN01r1XOBG1IOul0hXoVG_!!2616970884.jpg\"/></p><p><img src=\"http://localhost:8080/Shopping/upload/image/20201222/1608601003139095036.jpg\" title=\"1608601003139095036.jpg\" alt=\"O1CN017chgJT1IOukvnLKF2_!!2616970884.jpg\"/></p><p><br/></p><p><br/></p><p><br/></p><p><br/></p><p><br/></p><p><br/></p><p><br/></p><p><br/></p><p><br/></p><p><br/></p><p><br/></p><p><br/></p>', '巧太太7字型大吸力抽油畑机家用厨房顶侧双吸智能体感油烟机', null, '79900', '89900', '01002', '2000', '1', '0', '0', '/resources/upload/8f33a6b0b1eb4270afdefc23725ade94.jpg_250x250', '2020-12-22 09:48:51', '3', '2020-12-22 09:43:16', '3', '2'), ('1001', '家杰优品 多功能马桶刷子套装 ', '50', '<p style=\"text-align: left;\"><br/></p><ul class=\"p-parameter-list list-paddingleft-2\" style=\"list-style-type: none;\"><li><p style=\"text-align: left;\">商品名称：家杰优品JJ-2Q08</p></li><li><p style=\"text-align: left;\">商品编号：100010175256</p></li><li><p style=\"text-align: left;\">商品毛重：350.00g</p></li><li><p style=\"text-align: left;\">商品产地：中国大陆</p></li><li><p style=\"text-align: left;\">材质：塑料</p></li><li><p style=\"text-align: left;\">风格：日式</p></li><li><p style=\"text-align: left;\">类别：马桶刷</p></li><li><p style=\"text-align: left;\">安装方式：壁挂式</p></li><li><p style=\"text-align: left;\">功能：浴室清洁</p></li><li><p><img src=\"http://192.168.3.138:8080/Shopping/upload/image/20201222/1608601436967001587.jpg\" title=\"1608601436967001587.jpg\" alt=\"b84a00bd633098fb.jpg\"/></p></li><li><p><img src=\"http://192.168.3.138:8080/Shopping/upload/image/20201222/1608601447575088375.jpg\" title=\"1608601447575088375.jpg\" alt=\"4d823b7776c8e804.jpg\"/><br/></p></li></ul><p><br/></p>', '家杰优品 多功能马桶刷子套装 壁挂免打孔带底座夹子加长不锈钢杆卫生间马桶清洁刷子（日式 壁挂款）', null, '22100', '22200', '06002', '20', '1', '0', '0', '/resources/upload/bacd882df522432fbae977498da7cbc7.jpg', '2020-12-22 13:58:29', '3', '2020-12-22 09:44:23', '3', null), ('1002', 'QM曲美家居 床 实木床北欧橡木双人床1.5米', '50', '<ul class=\"p-parameter-list list-paddingleft-2\" style=\"list-style-type: none;\"><li><p>品牌：&nbsp;QM曲美家居&nbsp;</p></li><li><p>商品名称：QM曲美家居 床 实木床北欧橡木双人床1.5米1.8米床现代简约卧室家具【30天发货】 1.5M*2.0M 原木色 架子床</p></li><li><p>商品编号：72218982128</p></li><li><p>商品毛重：80.0kg</p></li><li><p>货号：QM19-B5</p></li><li><p>适用人数：双人床</p></li><li><p>材质类别：实木床</p></li><li><p>床体结构：框架结构</p></li><li><p>是否可定制：不可定制</p></li><li><p>附加功能：可充电</p></li><li><p>床板样式：排骨架</p></li><li><p>床板开合方式：无需开合</p></li><li><p>风格：北欧</p></li><li><p>是否带软靠：不带软靠</p></li><li><p>适用床垫尺寸：1.5*2.0m</p></li></ul><p><img src=\"http://192.168.3.138:8080/Shopping/upload/image/20201222/1608601631529058423.jpg\" title=\"1608601631529058423.jpg\" alt=\"ac8338139c4f80db.jpg\"/></p><p><img src=\"http://192.168.3.138:8080/Shopping/upload/image/20201222/1608601638088074585.jpg\" title=\"1608601638088074585.jpg\" alt=\"d02656ef6d791d1e.jpg\"/></p>', 'QM曲美家居 床 实木床北欧橡木双人床1.5米1.8米床现代简约卧室家具【30天发货】 1.5M*2.0M 原木色 架子床', null, '251100', '255500', '', '20', '1', '0', '0', '/resources/upload/6f784113e9ba444eb4cce7783ab2678d.jpg', '2020-12-22 13:59:00', '3', '2020-12-22 09:47:20', '3', null), ('1003', '小米 MI 显示器挂灯 金属灯体 磁吸旋转', '50', '<ul class=\"p-parameter-list list-paddingleft-2\" style=\"list-style-type: none;\"><li><p>商品名称：米家显示器挂灯<br/></p></li><li><p>商品编号：100007773997</p></li><li><p>商品毛重：0.945kg</p></li><li><p>商品产地：中国大陆</p></li><li><p>夜视类型：黑光夜视</p></li><li><p>存储编码：无存储编码</p></li><li><p>像素：其他</p></li><li><p>探头个数：无探头</p></li><li><p>防水等级：无防水等级</p></li><li><p>监控类型：其他</p></li><li><p>变倍变焦：不支持变倍变焦</p></li></ul><p><img src=\"http://192.168.3.138:8080/Shopping/upload/image/20201222/1608601880592050822.jpg\" title=\"1608601880592050822.jpg\" alt=\"123b07a36e0433e2.jpg\"/></p><p><img src=\"http://192.168.3.138:8080/Shopping/upload/image/20201222/1608601890003042168.jpg\" title=\"1608601890003042168.jpg\" alt=\"e035b7f9627587e7.jpg\"/></p>', '小米 MI 显示器挂灯 金属灯体 磁吸旋转', null, '14400', '15100', '06003', '20', '1', '0', '0', '/resources/upload/305f295fbe1c45cfa5abbca4e5d4ff69.jpg', '2020-12-22 13:59:27', '3', '2020-12-22 09:51:40', '3', null), ('1004', '抽油烟机顶吸式', '55', '<p>品牌名称：<span class=\"J_EbrandLogo\" style=\"margin: 0px; padding: 0px; color: rgb(51, 51, 51);\">Midea/美的</span></p><p class=\"attr-list-hd tm-clear\" style=\"margin-top: 0px; margin-bottom: 0px; padding: 5px 20px; line-height: 22px; color: rgb(153, 153, 153); font-family: tahoma, arial, 微软雅黑, sans-serif; font-size: 12px; white-space: normal; background-color: rgb(255, 255, 255);\"><span style=\"margin: 0px; padding: 0px; font-weight: 700; float: left;\">产品参数：</span></p><ul style=\"list-style-type: none;\" class=\" list-paddingleft-2\"><li><p>证书编号：2016010716892000</p></li><li><p>证书状态：有效</p></li><li><p>申请人名称：芜湖美的厨房电器制造有限公司</p></li><li><p>制造商名称：芜湖美的厨房电器制造有限公司</p></li><li><p>产品名称：美的吸油烟机</p></li><li><p>3C产品型号：CXW-230-TT9053-GR, CXW-230-TT9056-GR, CXW-230-DT75...</p></li><li><p>3C规格型号：CXW-230-TT9053-GR, CXW-230-TT9056-GR, CXW-230-DT75...</p></li><li><p>产品名称：Midea/美的 CXW-260-T3...</p></li><li><p>油烟机品牌:&nbsp;Midea/美的</p></li><li><p>美的烟机气灶型号:&nbsp;CXW-260-T35</p></li><li><p>产地:&nbsp;中国大陆</p></li><li><p>尺寸:&nbsp;895*494*704</p></li><li><p>颜色分类:&nbsp;TC1&nbsp;T35</p></li><li><p>净重:&nbsp;25</p></li><li><p>毛重:&nbsp;30</p></li><li><p>烟机安装位置:&nbsp;顶吸式</p></li><li><p>机身材质:&nbsp;烤漆钢板</p></li><li><p>包装尺寸:&nbsp;1005*700*625</p></li><li><p>生产企业:&nbsp;广东美的电器制造有限公司</p></li><li><p>油烟机种类:&nbsp;欧式</p></li><li><p>按键类型:&nbsp;触控式</p></li><li><p>控制面板材质:&nbsp;钢化玻璃</p></li><li><p>智能类型:&nbsp;不支持智能</p></li><li><p>油烟机排风量:&nbsp;21立方米/分钟</p></li><li><p>噪声:&nbsp;55dB</p></li><li><p>上市时间:&nbsp;2020-03</p></li><li><p>保修期:&nbsp;72个月</p></li></ul><p><img src=\"http://192.168.3.138:8080/Shopping/upload/image/20201222/1608602058324044773.jpg\" title=\"1608602058324044773.jpg\" alt=\"1.jpg\"/></p><p><img src=\"http://192.168.3.138:8080/Shopping/upload/image/20201222/1608602064770046963.jpg\" title=\"1608602064770046963.jpg\" alt=\"O1CN01dhr5CV2CuAFj3Cs4t_!!2712898533.jpg\"/></p><p><img src=\"http://192.168.3.138:8080/Shopping/upload/image/20201222/1608602070571012523.jpg\" title=\"1608602070571012523.jpg\" alt=\"O1CN01MzUdyG2CuAFfTvwHm_!!2712898533.jpg\"/></p><p><img src=\"http://192.168.3.138:8080/Shopping/upload/image/20201222/1608602076386022081.jpg\" title=\"1608602076386022081.jpg\" alt=\"O1CN01PEF9Kp2CuAFgPR3Gj_!!2712898533.jpg\"/></p><p><img src=\"http://192.168.3.138:8080/Shopping/upload/image/20201222/1608602081438018175.jpg\" title=\"1608602081438018175.jpg\" alt=\"O1CN01qxCqVk2CuAFa8gMQM_!!2712898533.jpg\"/></p><p><img src=\"http://192.168.3.138:8080/Shopping/upload/image/20201222/1608602087722054085.jpg\" title=\"1608602087722054085.jpg\" alt=\"O1CN01tgvCc42CuAFde0drA_!!2712898533.jpg\"/></p><p><img src=\"http://192.168.3.138:8080/Shopping/upload/image/20201222/1608602092217065630.jpg\" title=\"1608602092217065630.jpg\" alt=\"O1CN01UtqBvy2CuAFdhZj79_!!2712898533.jpg\"/></p><p><img src=\"http://192.168.3.138:8080/Shopping/upload/image/20201222/1608602096617063434.jpg\" title=\"1608602096617063434.jpg\" alt=\"O1CN019DYT532CuAFVRisXE_!!2712898533.jpg\"/></p><p><br/></p><p><br/></p><p><br/></p><p><br/></p><p><br/></p><p><br/></p><p><br/></p><p><br/></p><p><br/></p><p><br/></p><p><br/></p>', '美的TC1抽油烟机顶吸式自动清洗智能家电小型吸油烟机家用大吸力 21立方大吸力 WIFI语音控制 一键自清洗', null, '209900', '229900', '01003', '200', '1', '0', '0', '/resources/upload/c5629f0f595b4e82a4d873d32273517a.jpg_250x250', '2020-12-22 09:54:58', '3', '2020-12-22 09:51:48', '3', '3'), ('1005', '全友家居 ', '50', '<ul class=\"p-parameter-list list-paddingleft-2\" style=\"list-style-type: none;\"><li><p>品牌：&nbsp;全友</p></li><li><p>商品名称：全友沙发</p></li><li><p>商品编号：100006446151</p></li><li><p>商品毛重：116.0kg</p></li><li><p>商品产地：四川</p></li><li><p>面料材质：棉类</p></li><li><p>材质类别：布艺沙发</p></li><li><p>适用人数：多人沙发</p></li></ul><p><img src=\"http://192.168.3.138:8080/Shopping/upload/image/20201222/1608602083631066034.jpg\" title=\"1608602083631066034.jpg\" alt=\"1e0f9c76fee5f732.jpg\"/></p><p><img src=\"http://192.168.3.138:8080/Shopping/upload/image/20201222/1608602093072082734.jpg\" title=\"1608602093072082734.jpg\" alt=\"2bc487a2075906c0.jpg\"/></p>', '全友家居 沙发现代简约皮布沙发北欧客厅可拆洗整装布艺沙发组合102085C 正向布皮沙发(1+3+转)', null, '233400', '244100', '06004', '20', '1', '0', '0', '/resources/upload/9153ced5cbb346278de615c645470cc7.jpg', '2020-12-22 13:59:45', '3', '2020-12-22 09:54:54', '3', null), ('1006', '优勤硅藻泥地垫速干吸水垫海藻脚垫卫生间门口防滑家用浴室硅藻土脚垫 魔力灰', '50', '<ul class=\"p-parameter-list list-paddingleft-2\" style=\"list-style-type: none;\"><li><p>品牌：&nbsp;优勤（YOUQIN）</p></li><li><p>商品名称：优勤（YOUQIN）地垫</p></li><li><p>商品编号：10020973646427</p></li><li><p>商品毛重：2.36kg</p></li><li><p>类别：防滑垫/地垫</p></li><li><p>材质：硅藻泥</p></li></ul><p><img src=\"http://192.168.3.138:8080/Shopping/upload/image/20201222/1608602346960073901.jpg\" title=\"1608602346960073901.jpg\" alt=\"15805777881e5091.jpg\"/></p><p><img src=\"http://192.168.3.138:8080/Shopping/upload/image/20201222/1608602358783004581.jpg\" title=\"1608602358783004581.jpg\" alt=\"7fc6c1c5a80751b7.jpg\"/></p>', '优勤硅藻泥地垫速干吸水垫海藻脚垫卫生间门口防滑家用浴室硅藻土脚垫 魔力灰', null, '4200', '4500', '06005', '20', '1', '0', '0', '/resources/upload/0c16b184c71f4f9cae32b7db43b06907.jpg', '2020-12-22 14:00:07', '3', '2020-12-22 09:59:29', '3', null), ('1007', '美的空调大1.5匹挂机一级能效变频', '55', '<p>品牌名称：<span class=\"J_EbrandLogo\" style=\"margin: 0px; padding: 0px; color: rgb(51, 51, 51);\">Midea/美的</span></p><p class=\"attr-list-hd tm-clear\" style=\"margin-top: 0px; margin-bottom: 0px; padding: 5px 20px; line-height: 22px; color: rgb(153, 153, 153); font-family: tahoma, arial, 微软雅黑, sans-serif; font-size: 12px; white-space: normal; background-color: rgb(255, 255, 255);\"><a class=\"ui-more-nbg tm-MRswitchAttrs\" href=\"https://detail.tmall.com/item.htm?spm=a230r.1.14.36.10ee74f5sNhEkm&id=609402566033&ns=1&abbucket=6&skuId=4453227911939#J_Attrs\" style=\"margin: 0px; padding: 0px 28px 0px 10px; text-decoration-line: none; color: rgb(153, 153, 153); outline: 0px; position: relative; display: inline-block; height: 20px; line-height: 22px; float: right;\">更多参数<em class=\"ui-more-nbg-arrow tm-MRswitchAttrs\" style=\"margin: 0px; padding: 0px; background-image: url(&quot;//assets.alicdn.com/apps/tmall/mui/more/img/more.png&quot;); background-repeat: no-repeat; position: absolute; display: inline-block; top: 6px; right: 10px; height: 13px; line-height: 13px; width: 13px; overflow: hidden; background-position: 0px -26px;\"></em></a><span style=\"margin: 0px; padding: 0px; font-weight: 700; float: left;\">产品参数：</span></p><ul style=\"list-style-type: none;\" class=\" list-paddingleft-2\"><li><p><br/></p></li><li><p>证书编号：2020010703276661</p></li><li><p>证书状态：有效</p></li><li><p>产品名称：变频分体挂壁式空调器</p></li><li><p>3C规格型号：KFR-26GW/BP3DN8Y-PH200(1),KFR-26GW/BP3DN8Y-PG100(1...</p></li><li><p>产品名称：Midea/美的 KFR-35GW/W...</p></li><li><p>美的空调型号:&nbsp;KFR-35GW/WXDN8A1@</p></li><li><p>空调功率:&nbsp;1.5匹</p></li><li><p>工作方式:&nbsp;变频</p></li><li><p>空调类型:&nbsp;壁挂式</p></li><li><p>冷暖类型:&nbsp;冷暖型</p></li><li><p>适用面积:&nbsp;15-23m3</p></li><li><p>能效等级:&nbsp;一级</p></li></ul><p><img src=\"http://192.168.3.138:8080/Shopping/upload/image/20201222/1608602300941018524.jpg\" title=\"1608602300941018524.jpg\" alt=\"O1CN01EiIX6M1H7DpKmTqmA_!!3549280710.jpg\"/></p><p><img src=\"http://192.168.3.138:8080/Shopping/upload/image/20201222/1608602335943057978.jpg\" title=\"1608602335943057978.jpg\" alt=\"O1CN01YTnZ2N1H7DpKmUFjh_!!3549280710.jpg\"/></p><p><img src=\"http://192.168.3.138:8080/Shopping/upload/image/20201222/1608602353700016840.jpg\" title=\"1608602353700016840.jpg\" alt=\"O1CN01kXQGZc1H7DpGHNrmS_!!3549280710.jpg\"/></p><p><img src=\"http://192.168.3.138:8080/Shopping/upload/image/20201222/1608602368489058662.jpg\" title=\"1608602368489058662.jpg\" alt=\"O1CN017EbCBu1H7DpGHPLG1_!!3549280710.jpg\"/></p><p><img src=\"http://192.168.3.138:8080/Shopping/upload/image/20201222/1608602406291005165.jpg\" title=\"1608602406291005165.jpg\" alt=\"O1CN01SQQMGH1H7DpGdgu63_!!3549280710.jpg\"/></p><p><img src=\"http://192.168.3.138:8080/Shopping/upload/image/20201222/1608602413707067687.jpg\" title=\"1608602413707067687.jpg\" alt=\"z.jpg\"/></p><p><br/></p><p><br/></p><p><br/></p><p><br/></p><p><br/></p><p><br/></p><p><br/></p><p><br/></p><p><br/></p><p><br/></p><p><br/></p>', '美的空调大1.5匹挂机一级能效变频智能家电壁挂式家用卧室极光MHA', null, '279900', '299900', '01004', '100', '1', '0', '0', '/resources/upload/7bba5ab0d62d4460841e1aca7b4aa894.jpg', '2020-12-22 10:01:08', '3', '2020-12-22 10:00:34', '3', '4'), ('1008', '虎式飞跃 卫生间置物架落地马桶架', '50', '<p><br/></p><ul class=\"p-parameter-list list-paddingleft-2\" style=\"list-style-type: none;\"><li><p>商品名称：虎式飞跃 卫生间置物架落地马桶架洗衣机厕所浴室收纳架洗手间毛巾植物摆物架子落地免打孔 马桶置物架三层-象牙白【25*48*166cm】</p></li><li><p>商品编号：55441274600</p></li><li><p>商品毛重：2.7kg</p></li><li><p>商品产地：中国大陆</p></li><li><p>材质：其它</p></li></ul><p><img src=\"http://192.168.3.138:8080/Shopping/upload/image/20201222/1608602531472063887.png\" title=\"1608602531472063887.png\" alt=\"581c929b0efb7eea.png\"/></p><p><img src=\"http://192.168.3.138:8080/Shopping/upload/image/20201222/1608602544697069526.png\" title=\"1608602544697069526.png\" alt=\"11d8ee20f2528d30.png\"/></p>', '虎式飞跃 卫生间置物架落地马桶架洗衣机厕所浴室收纳架洗手间毛巾植物摆物架子落地免打孔 马桶置物架三层-象牙白【25*48*166cm】', null, '6500', '6600', '06007', '20', '1', '0', '0', '/resources/upload/e4db586086ff4f22b91d67d34ae2de3f.jpg', '2020-12-22 14:00:46', '3', '2020-12-22 10:02:50', '3', null), ('1009', '美的606升对开门双开门冰箱大容量', '55', '<p>品牌名称：<span class=\"J_EbrandLogo\" style=\"margin: 0px; padding: 0px; color: rgb(51, 51, 51);\">Midea/美的</span></p><p class=\"attr-list-hd tm-clear\" style=\"margin-top: 0px; margin-bottom: 0px; padding: 5px 20px; line-height: 22px; color: rgb(153, 153, 153); font-family: tahoma, arial, 微软雅黑, sans-serif; font-size: 12px; white-space: normal; background-color: rgb(255, 255, 255);\"><a class=\"ui-more-nbg tm-MRswitchAttrs\" href=\"https://detail.tmall.com/item.htm?spm=a230r.1.14.43.10ee74f5sNhEkm&id=619382368619&ns=1&abbucket=6#J_Attrs\" style=\"margin: 0px; padding: 0px 28px 0px 10px; text-decoration-line: none; color: rgb(153, 153, 153); outline: 0px; position: relative; display: inline-block; height: 20px; line-height: 22px; float: right;\">更多参数<em class=\"ui-more-nbg-arrow tm-MRswitchAttrs\" style=\"margin: 0px; padding: 0px; background-image: url(\"></em></a><span style=\"margin: 0px; padding: 0px; font-weight: 700; float: left;\">产品参数：</span></p><ul style=\"list-style-type: none;\" class=\" list-paddingleft-2\"><li><p><br/></p></li><li><p>证书编号：2020240701000612</p></li><li><p>证书状态：有效</p></li><li><p>产品名称：无霜冷藏冷冻箱</p></li><li><p>3C规格型号：BCD-603WKGPZM(E) BCD-603WKPZM(E) BCD-606WKPZM(E) 2...</p></li><li><p>产品名称：Midea/美的 BCD-606WKPZ...</p></li><li><p>美的冰箱型号:&nbsp;BCD-606WKPZM(E)</p></li><li><p>制冷方式:&nbsp;风冷</p></li><li><p>箱门结构:&nbsp;对开双门式</p></li><li><p>冰箱冷柜机型:&nbsp;冷藏冷冻冰箱</p></li><li><p>能效等级:&nbsp;一级</p></li></ul><p><img src=\"http://192.168.3.138:8080/Shopping/upload/image/20201222/1608602604714039507.jpg\" title=\"1608602604714039507.jpg\" alt=\"1.jpg\"/></p><p><img src=\"http://192.168.3.138:8080/Shopping/upload/image/20201222/1608602609022028343.jpg\" title=\"1608602609022028343.jpg\" alt=\"2.jpg\"/><img src=\"http://192.168.3.138:8080/Shopping/upload/image/20201222/1608602611799018477.jpg\" title=\"1608602611799018477.jpg\" alt=\"3.jpg\"/><img src=\"http://192.168.3.138:8080/Shopping/upload/image/20201222/1608602615598031069.jpg\" title=\"1608602615598031069.jpg\" alt=\"4.jpg\"/><img src=\"http://192.168.3.138:8080/Shopping/upload/image/20201222/1608602619291046863.jpg\" title=\"1608602619291046863.jpg\" alt=\"5.jpg\"/><img src=\"http://192.168.3.138:8080/Shopping/upload/image/20201222/1608602623444060715.jpg\" title=\"1608602623444060715.jpg\" alt=\"6.jpg\"/><img src=\"http://192.168.3.138:8080/Shopping/upload/image/20201222/1608602625872068301.jpg\" title=\"1608602625872068301.jpg\" alt=\"7.jpg\"/><img src=\"http://192.168.3.138:8080/Shopping/upload/image/20201222/1608602628282025144.jpg\" title=\"1608602628282025144.jpg\" alt=\"8.jpg\"/><img src=\"http://192.168.3.138:8080/Shopping/upload/image/20201222/1608602630884090411.jpg\" title=\"1608602630884090411.jpg\" alt=\"9.jpg\"/></p><p><br/></p><p><br/></p><p><br/></p><p><br/></p><p><br/></p><p><br/></p><p><br/></p><p><br/></p><p><br/></p><p><br/></p><p><br/></p><p><br/></p><p><br/></p><p><br/></p><p><br/></p><p><br/></p>', '美的606升对开门双开门冰箱大容量家用节能变频无霜一级智能家电l', null, '359900', '369900', '01005', '50', '1', '0', '0', '/resources/upload/a99c1f5c3a7248e1a3747acc6b68b1ab.jpg', '2021-04-28 17:41:55', '3', '2020-12-22 10:04:52', '3', '1005'), ('1010', '万和燃气热水器', '55', '<p>品牌名称：<span class=\"J_EbrandLogo\" style=\"margin: 0px; padding: 0px; color: rgb(51, 51, 51);\">Vanward/万和</span></p><p class=\"attr-list-hd tm-clear\" style=\"margin-top: 0px; margin-bottom: 0px; padding: 5px 20px; line-height: 22px; color: rgb(153, 153, 153); font-family: tahoma, arial, 微软雅黑, sans-serif; font-size: 12px; white-space: normal; background-color: rgb(255, 255, 255);\"><a class=\"ui-more-nbg tm-MRswitchAttrs\" href=\"https://detail.tmall.com/item.htm?id=623283524469&ali_refid=a3_430585_1006:1105503753:N:O33LNOCoiT64KkSE3A7Nfo6SEpIY9vuj:62eb30cb9688a5dfbb11ebe416e26a57&ali_trackid=1_62eb30cb9688a5dfbb11ebe416e26a57&spm=a230r.1.14.6&skuId=4581979522628#J_Attrs\" style=\"margin: 0px; padding: 0px 28px 0px 10px; text-decoration-line: none; color: rgb(153, 153, 153); outline: 0px; position: relative; display: inline-block; height: 20px; line-height: 22px; float: right;\">更多参数<em class=\"ui-more-nbg-arrow tm-MRswitchAttrs\" style=\"margin: 0px; padding: 0px; background-image: url(&quot;//assets.alicdn.com/apps/tmall/mui/more/img/more.png&quot;); background-repeat: no-repeat; position: absolute; display: inline-block; top: 6px; right: 10px; height: 13px; line-height: 13px; width: 13px; overflow: hidden; background-position: 0px -26px;\"></em></a><span style=\"margin: 0px; padding: 0px; font-weight: 700; float: left; font-size: 16px;\">产品参数：</span></p><ul style=\"list-style-type: none;\" class=\" list-paddingleft-2\"><li><p><br/></p></li><li><p>证书编号：2020012402337065</p></li><li><p>证书状态：有效</p></li><li><p>产品名称：家用供热水燃气快速热水器</p></li><li><p>3C规格型号：JSLQ27-LS5W16 、 JSLQ27-LS5T16 （天然气12T）</p></li><li><p>产品名称：Vanward/万和 JSLQ27-LS...</p></li><li><p>品牌:&nbsp;Vanward/万和</p></li><li><p>热水器万和型号:&nbsp;JSLQ27-LS5T16</p></li><li><p>热水器燃气类型:&nbsp;天然气</p></li><li><p>能效等级:&nbsp;一级</p></li><li><p>排烟方式:&nbsp;强排式</p></li><li><p>热水器安装要求:&nbsp;未安装排烟管禁止使用</p></li></ul><p><img src=\"http://192.168.3.138:8080/Shopping/upload/image/20201222/1608602938526036782.jpg\" title=\"1608602938526036782.jpg\" alt=\"1.jpg\"/><img src=\"http://192.168.3.138:8080/Shopping/upload/image/20201222/1608602941117065298.jpg\" title=\"1608602941117065298.jpg\" alt=\"2.jpg\"/><img src=\"http://192.168.3.138:8080/Shopping/upload/image/20201222/1608602944957054342.jpg\" title=\"1608602944957054342.jpg\" alt=\"3.jpg\"/><img src=\"http://192.168.3.138:8080/Shopping/upload/image/20201222/1608602947585015157.png\" title=\"1608602947585015157.png\" alt=\"4.png\"/><img src=\"http://192.168.3.138:8080/Shopping/upload/image/20201222/1608602950124044589.jpg\" title=\"1608602950124044589.jpg\" alt=\"5.jpg\"/><img src=\"http://192.168.3.138:8080/Shopping/upload/image/20201222/1608602952409007570.png\" title=\"1608602952409007570.png\" alt=\"6.png\"/><img src=\"http://192.168.3.138:8080/Shopping/upload/image/20201222/1608602954878047279.png\" title=\"1608602954878047279.png\" alt=\"7.png\"/></p><p><br/></p><p><br/></p><p><br/></p>', '万和燃气热水器电家用天然气零冷水16L升即热式防冻冷凝恒温LS5', null, '509800', '539800', '01006', '20', '1', '0', '0', '/resources/upload/5ab3fe816dd44d00871a3c38b55d1152.jpg', '2020-12-22 10:09:17', '3', '2020-12-22 10:09:17', '3', '6'), ('1011', '泡澡桶洗澡桶成人折叠沐浴桶汗蒸箱全身浴缸保温加厚洗澡桶成人浴桶', '50', '<ul class=\"p-parameter-list list-paddingleft-2\" style=\"list-style-type: none;\"><li><p><br/></p></li><li><p>商品名称：【次日达】泡澡桶洗澡桶成人折叠沐浴桶汗蒸箱全身浴缸保温加厚洗澡桶成人浴桶儿童洗澡桶大号澡盆家用浴盆 可折叠成人泡澡桶</p></li><li><p>商品编号：56610668336</p></li><li><p>商品毛重：4.0kg</p></li><li><p>商品产地：中国大陆</p></li><li><p>类别：泡澡桶</p></li><li><p>材质：其它</p></li></ul><p><img src=\"http://192.168.3.138:8080/Shopping/upload/image/20201222/1608603021511029628.jpg\" title=\"1608603021511029628.jpg\" alt=\"bc0c6ce940d5c389.jpg\"/></p><p><img src=\"http://192.168.3.138:8080/Shopping/upload/image/20201222/1608603032783096470.jpg\" title=\"1608603032783096470.jpg\" alt=\"352669a52e8241ff.jpg\"/></p>', '【次日达】泡澡桶洗澡桶成人折叠沐浴桶汗蒸箱全身浴缸保温加厚洗澡桶成人浴桶儿童洗澡桶大号澡盆家用浴盆 可折叠成人泡澡桶', null, '11400', '11800', '06008', '20', '1', '0', '0', '/resources/upload/6aa2fa7413b0465683ffa731ff297eb6.jpg', '2020-12-22 14:01:09', '3', '2020-12-22 10:10:34', '3', null), ('1012', 'Midea/美的大3P新一级客厅立式变频柜机智能', '55', '<p>品牌名称：<span class=\"J_EbrandLogo\" style=\"margin: 0px; padding: 0px; color: rgb(51, 51, 51);\">Midea/美的</span></p><p class=\"attr-list-hd tm-clear\" style=\"margin-top: 0px; margin-bottom: 0px; padding: 5px 20px; line-height: 22px; color: rgb(153, 153, 153); font-family: tahoma, arial, 微软雅黑, sans-serif; font-size: 12px; white-space: normal; background-color: rgb(255, 255, 255);\"><a class=\"ui-more-nbg tm-MRswitchAttrs\" href=\"https://detail.tmall.com/item.htm?spm=a230r.1.14.116.10ee74f5sNhEkm&id=623797195152&ns=1&abbucket=14#J_Attrs\" style=\"margin: 0px; padding: 0px 28px 0px 10px; text-decoration-line: none; color: rgb(153, 153, 153); outline: 0px; position: relative; display: inline-block; height: 20px; line-height: 22px; float: right;\">更多参数<em class=\"ui-more-nbg-arrow tm-MRswitchAttrs\" style=\"margin: 0px; padding: 0px; background-image: url(&quot;//assets.alicdn.com/apps/tmall/mui/more/img/more.png&quot;); background-repeat: no-repeat; position: absolute; display: inline-block; top: 6px; right: 10px; height: 13px; line-height: 13px; width: 13px; overflow: hidden; background-position: 0px -26px;\"></em></a><span style=\"margin: 0px; padding: 0px; font-weight: 700; float: left; font-size: 16px;\">产品参数：</span></p><ul style=\"list-style-type: none;\" class=\" list-paddingleft-2\"><li><p><br/></p></li><li><p>证书编号：2020010703276460</p></li><li><p>证书状态：有效</p></li><li><p>产品名称：变频分体落地式空调器</p></li><li><p>3C规格型号：KFR-72LW/BP3DN8Y-YH200(1),KFR-72LW/BP3DN8Y-VP300(1...</p></li><li><p>产品名称：Midea/美的 KFR-72LW/B...</p></li><li><p>美的空调型号:&nbsp;KFR-72LW/BP3DN8Y-YH200(1)</p></li><li><p>空调功率:&nbsp;3匹</p></li><li><p>工作方式:&nbsp;变频</p></li><li><p>空调类型:&nbsp;落地式</p></li><li><p>冷暖类型:&nbsp;冷暖电辅</p></li><li><p>适用面积:&nbsp;32-48 ㎡</p></li><li><p>能效等级:&nbsp;一级</p></li></ul><p><img src=\"http://192.168.3.138:8080/Shopping/upload/image/20201222/1608603103681098021.jpg\" title=\"1608603103681098021.jpg\" alt=\"1.jpg\"/><img src=\"http://192.168.3.138:8080/Shopping/upload/image/20201222/1608603107007089442.jpg\" title=\"1608603107007089442.jpg\" alt=\"2.jpg\"/><img src=\"http://192.168.3.138:8080/Shopping/upload/image/20201222/1608603109868094125.jpg\" title=\"1608603109868094125.jpg\" alt=\"3.jpg\"/><img src=\"http://192.168.3.138:8080/Shopping/upload/image/20201222/1608603112924001705.jpg\" title=\"1608603112924001705.jpg\" alt=\"4.jpg\"/><img src=\"http://192.168.3.138:8080/Shopping/upload/image/20201222/1608603115246040188.jpg\" title=\"1608603115246040188.jpg\" alt=\"5.jpg\"/><img src=\"http://192.168.3.138:8080/Shopping/upload/image/20201222/1608603117630087537.jpg\" title=\"1608603117630087537.jpg\" alt=\"6.jpg\"/><img src=\"http://192.168.3.138:8080/Shopping/upload/image/20201222/1608603120127014021.jpg\" title=\"1608603120127014021.jpg\" alt=\"7.jpg\"/><img src=\"http://192.168.3.138:8080/Shopping/upload/image/20201222/1608603122646050465.jpg\" title=\"1608603122646050465.jpg\" alt=\"8.jpg\"/><img src=\"http://192.168.3.138:8080/Shopping/upload/image/20201222/1608603124959027994.jpg\" title=\"1608603124959027994.jpg\" alt=\"9.jpg\"/></p><p><br/></p><p><br/></p>', 'Midea/美的大3P新一级客厅立式变频柜机智能家电空调72YH200', null, '619900', '629900', '01007', '20', '1', '0', '0', '/resources/upload/6b31c8592da64048a58ae161d145088a.jpg', '2020-12-22 10:13:10', '3', '2020-12-22 10:13:10', '3', '7'), ('1013', '卡饰社（CarSetCity）汽车掸子可伸缩子母掸 ', '62', '<ul class=\"p-parameter-list list-paddingleft-2\" style=\"list-style-type: none;\"><li><p>品牌：&nbsp;卡饰社（CarSetCity）</p></li><li><p>商品名称：卡饰社CS-28663</p></li><li><p>商品编号：1183382</p></li><li><p>商品毛重：0.63kg</p></li><li><p>商品产地：中国</p></li><li><p>货号：CS-28663</p></li><li><p>产品类别：洗车刷，除尘掸子</p></li><li><p>手柄材质：不锈钢</p></li></ul><p><img src=\"http://192.168.3.138:8080/Shopping/upload/image/20201222/1608603344227077457.jpg\" title=\"1608603344227077457.jpg\" alt=\"9bfa8647a156edb2.jpg\"/></p>', '卡饰社（CarSetCity）汽车掸子可伸缩子母掸 洗车拖把洗车刷 擦车用除尘掸子刷车工具 灰色(含收纳袋)', null, '4400', '4600', '07001', '20', '1', '0', '0', '/resources/upload/7d5ed7b01e7d4be2b57af241fc3b8c3a.jpg', '2020-12-22 14:03:22', '3', '2020-12-22 10:15:55', '3', null), ('1014', '帅康中式油烟机MD01吸抽油烟机老式大吸力家用厨房油畑机抽烟机', '55', '<p>品牌名称：<span class=\"J_EbrandLogo\" style=\"margin: 0px; padding: 0px; color: rgb(51, 51, 51);\">Sacon/帅康</span></p><p class=\"attr-list-hd tm-clear\" style=\"margin-top: 0px; margin-bottom: 0px; padding: 5px 20px; line-height: 22px; color: rgb(153, 153, 153); font-family: tahoma, arial, 微软雅黑, sans-serif; font-size: 12px; white-space: normal; background-color: rgb(255, 255, 255);\"><span style=\"margin: 0px; padding: 0px; font-weight: 700; float: left;\">产品参数：</span></p><ul style=\"list-style-type: none;\" class=\" list-paddingleft-2\"><li><p><br/></p></li><li><p>证书编号：2005010716141011</p></li><li><p>证书状态：有效</p></li><li><p>申请人名称：浙江帅康电气股份有限公司</p></li><li><p>制造商名称：浙江帅康电气股份有限公司</p></li><li><p>产品名称：吸油烟机</p></li><li><p>3C产品型号：CXW-200-M335/MD01 230W 220V～ 50Hz</p></li><li><p>3C规格型号：CXW-200-MD01 201W 220V～50Hz</p></li><li><p>产品名称：Sacon/帅康 CXW-200-MD...</p></li><li><p>油烟机品牌:&nbsp;Sacon/帅康</p></li><li><p>型号:&nbsp;CXW-200-MD01</p></li><li><p>产地:&nbsp;中国大陆</p></li><li><p>尺寸:&nbsp;750x502x350mm</p></li><li><p>颜色分类:&nbsp;不锈钢色</p></li><li><p>净重:&nbsp;16kg</p></li><li><p>毛重:&nbsp;20kg</p></li><li><p>烟机安装位置:&nbsp;顶吸式</p></li><li><p>机身材质:&nbsp;烤漆钢板</p></li><li><p>包装尺寸:&nbsp;816x423x654mm</p></li></ul><p><img src=\"http://192.168.3.138:8080/Shopping/upload/image/20201222/1608603362810058389.jpg\" title=\"1608603362810058389.jpg\" alt=\"1.jpg\"/><img src=\"http://192.168.3.138:8080/Shopping/upload/image/20201222/1608603365641081606.jpg\" title=\"1608603365641081606.jpg\" alt=\"2.jpg\"/><img src=\"http://192.168.3.138:8080/Shopping/upload/image/20201222/1608603368352021489.jpg\" title=\"1608603368352021489.jpg\" alt=\"3.jpg\"/><img src=\"http://192.168.3.138:8080/Shopping/upload/image/20201222/1608603370716085335.jpg\" title=\"1608603370716085335.jpg\" alt=\"4.jpg\"/><img src=\"http://192.168.3.138:8080/Shopping/upload/image/20201222/1608603373160021072.jpg\" title=\"1608603373160021072.jpg\" alt=\"5.jpg\"/><img src=\"http://192.168.3.138:8080/Shopping/upload/image/20201222/1608603375382030882.jpg\" title=\"1608603375382030882.jpg\" alt=\"6.jpg\"/><img src=\"http://192.168.3.138:8080/Shopping/upload/image/20201222/1608603378419098278.jpg\" title=\"1608603378419098278.jpg\" alt=\"7.jpg\"/><img src=\"http://192.168.3.138:8080/Shopping/upload/image/20201222/1608603380974087813.jpg\" title=\"1608603380974087813.jpg\" alt=\"8.jpg\"/><img src=\"http://192.168.3.138:8080/Shopping/upload/image/20201222/1608603383142099299.jpg\" title=\"1608603383142099299.jpg\" alt=\"9.jpg\"/></p><p><br/></p>', '帅康中式油烟机MD01吸抽油烟机老式大吸力家用厨房油畑机抽烟机', null, '129900', '139900', '01008', '20', '1', '0', '0', '/resources/upload/9587cd8d578440d78a2717e728bd3e8e.jpg', '2020-12-22 10:17:38', '3', '2020-12-22 10:16:59', '3', '8'), ('1015', '临时停车牌挪车电话号码牌', '62', '<ul class=\"p-parameter-list list-paddingleft-2\" style=\"list-style-type: none;\"><li><p><br/></p></li><li><p>商品名称：临时停车牌挪车电话号码牌汽车用品车内饰品车上停车卡个性创意车载留言停车牌 T11停车牌【特价款】-黑色</p></li><li><p>商品编号：29357345299</p></li><li><p>商品毛重：100.00g</p></li><li><p>安装位置：中控台，其它</p></li><li><p>产品类型：隐藏式，其它</p></li></ul><p><img src=\"http://192.168.3.138:8080/Shopping/upload/image/20201222/1608603526020038263.jpg\" title=\"1608603526020038263.jpg\" alt=\"546cb8ddeaaf14e6.jpg\"/></p><p><img src=\"http://192.168.3.138:8080/Shopping/upload/image/20201222/1608603532651038975.jpg\" title=\"1608603532651038975.jpg\" alt=\"dfb89b7d47848471.jpg\"/></p>', '临时停车牌挪车电话号码牌汽车用品车内饰品车上停车卡个性创意车载留言停车牌 T11停车牌【特价款】-黑色', null, '900', '1000', '07001', '20', '1', '0', '0', '/resources/upload/7d5370d6501e4564a2a1d05f910f2917.jpg', '2020-12-22 14:03:43', '3', '2020-12-22 10:19:54', '3', null), ('1016', '时尚毛衣秋冬季纯色男士男装潮流外套开衫新款加绒加厚休闲男连帽', '44', '<p>品牌名称：<span class=\"J_EbrandLogo\" style=\"margin: 0px; padding: 0px; color: rgb(51, 51, 51);\">恩威格</span></p><p class=\"attr-list-hd tm-clear\" style=\"margin-top: 0px; margin-bottom: 0px; padding: 5px 20px; line-height: 22px; color: rgb(153, 153, 153); font-family: tahoma, arial, 微软雅黑, sans-serif; font-size: 12px; white-space: normal; background-color: rgb(255, 255, 255);\"><a class=\"ui-more-nbg tm-MRswitchAttrs\" href=\"https://detail.tmall.com/item.htm?id=623198636486&ali_refid=a3_430583_1006:1123628517:N:FWhk09A41iS561PkW96CMg==:f56b2ade1d1a078405853ada9fbb9863&ali_trackid=1_f56b2ade1d1a078405853ada9fbb9863&spm=a230r.1.14.1#J_Attrs\" style=\"margin: 0px; padding: 0px 28px 0px 10px; text-decoration-line: none; color: rgb(153, 153, 153); outline: 0px; position: relative; display: inline-block; height: 20px; line-height: 22px; float: right;\">更多参数<em class=\"ui-more-nbg-arrow tm-MRswitchAttrs\" style=\"margin: 0px; padding: 0px; background-image: url(&quot;//assets.alicdn.com/apps/tmall/mui/more/img/more.png&quot;); width: 13px; display: inline-block; background-repeat: no-repeat; position: absolute; top: 6px; right: 10px; height: 13px; line-height: 13px; overflow: hidden; background-position: 0px -26px;\"></em></a><span style=\"margin: 0px; padding: 0px; font-weight: 700; float: left; font-size: 16px;\">产品参数：</span></p><ul style=\"list-style-type: none;\" class=\" list-paddingleft-2\"><li><p><br/></p></li><li><p>品牌:&nbsp;恩威格</p></li><li><p>货号:&nbsp;8819-1-1-4</p></li><li><p>基础风格:&nbsp;青春流行</p></li><li><p>上市年份季节:&nbsp;2020年秋季</p></li><li><p>销售渠道类型:&nbsp;纯电商(只在线上销售)</p></li><li><p>材质成分:&nbsp;聚酯纤维100%</p></li></ul><p><img src=\"http://192.168.3.138:8080/Shopping/upload/image/20201222/1608603626359059838.jpg\" title=\"1608603626359059838.jpg\" alt=\"1.jpg\"/><img src=\"http://192.168.3.138:8080/Shopping/upload/image/20201222/1608603629134079039.jpg\" title=\"1608603629134079039.jpg\" alt=\"2.jpg\"/><img src=\"http://192.168.3.138:8080/Shopping/upload/image/20201222/1608603634036093341.jpg\" title=\"1608603634036093341.jpg\" alt=\"4.jpg\"/><img src=\"http://192.168.3.138:8080/Shopping/upload/image/20201222/1608603636983058658.jpg\" title=\"1608603636983058658.jpg\" alt=\"5.jpg\"/><img src=\"http://192.168.3.138:8080/Shopping/upload/image/20201222/1608603639616077931.jpg\" title=\"1608603639616077931.jpg\" alt=\"6.jpg\"/><img src=\"http://192.168.3.138:8080/Shopping/upload/image/20201222/1608603642045011871.jpg\" title=\"1608603642045011871.jpg\" alt=\"7.jpg\"/><img src=\"http://192.168.3.138:8080/Shopping/upload/image/20201222/1608603644675059841.jpg\" title=\"1608603644675059841.jpg\" alt=\"8.jpg\"/><img src=\"http://192.168.3.138:8080/Shopping/upload/image/20201222/1608603647206081591.jpg\" title=\"1608603647206081591.jpg\" alt=\"O1CN01oS6tFB1lQOsPMq2A8_!!2938644813.jpg\"/><img src=\"http://192.168.3.138:8080/Shopping/upload/image/20201222/1608603650003032448.png\" title=\"1608603650003032448.png\" alt=\"4.png\"/></p>', '时尚毛衣秋冬季纯色男士男装潮流外套开衫新款加绒加厚休闲男连帽', null, '5800', '6800', '02001', '20', '1', '0', '0', '/resources/upload/ca3c168f129d462a847110ec189c8aa9.jpg', '2020-12-22 10:21:44', '3', '2020-12-22 10:21:44', '3', '1'), ('1017', '图拉斯（TORRAS）汽车香水', '62', '<ul class=\"p-parameter-list list-paddingleft-2\" style=\"list-style-type: none;\"><li><p>品牌：图拉斯</p></li><li><p>商品名称：图拉斯图拉斯-香净系列座式车载香薰</p></li><li><p>商品编号：8082347</p></li><li><p>商品毛重：187.00g</p></li><li><p>商品产地：中国大陆</p></li><li><p>货号：TJEZ74CTBK1</p></li><li><p>产品类别：座式香水</p></li><li><p>香调：古龙香调</p></li></ul><p><img src=\"http://192.168.3.138:8080/Shopping/upload/image/20201222/1608603915162093131.jpg\" title=\"1608603915162093131.jpg\" alt=\"e9aed33965955f47.jpg\"/></p><p><img src=\"http://192.168.3.138:8080/Shopping/upload/image/20201222/1608603926339045265.jpg\" title=\"1608603926339045265.jpg\" alt=\"87430a4e1e0a47d8.jpg\"/></p>', '图拉斯（TORRAS）汽车香水 车载香水中控台车用香薰香水座 汽车用品车内摆件饰品 除异味空气清新剂香膏 黑色', null, '8300', '8700', '07003', '20', '1', '0', '0', '/resources/upload/6522395da1534d5e9a71a6f2e86d0050.jpg', '2020-12-22 14:03:58', '3', '2020-12-22 10:25:39', '3', null), ('1018', '新款冬季羽绒服男士中长款加厚保暖潮流帅气韩版修身高端男装外套', '44', '<ul class=\"attributes-list list-paddingleft-2\" style=\"list-style-type: none;\"><li><p>品牌:&nbsp;其它/other</p></li><li><p>材质:&nbsp;其他</p></li><li><p>尺码:&nbsp;4xl M L XL 2XL 3XL</p></li><li><p>面料分类:&nbsp;涂层布</p></li><li><p>图案:&nbsp;纯色</p></li><li><p>领型:&nbsp;连帽</p></li><li><p>颜色:&nbsp;灰色中长款 黑色中长款</p></li><li><p>袖型:&nbsp;外观散口内里收口</p></li><li><p>填充物:&nbsp;白鸭绒</p></li><li><p>上市时间:&nbsp;2020年</p></li><li><p>货号:&nbsp;ZAC01189</p></li><li><p>细分风格:&nbsp;商务休闲</p></li><li><p>基础风格:&nbsp;时尚都市</p></li><li><p>厚薄:&nbsp;加厚</p></li><li><p>适用场景:&nbsp;旅游</p></li><li><p>衣长:&nbsp;中长款</p></li><li><p>款式细节:&nbsp;辑格</p></li><li><p>服饰工艺:&nbsp;免烫处理</p></li><li><p>适用对象:&nbsp;青年</p></li><li><p>男装-穿着方式:&nbsp;外穿</p></li><li><p>充绒量:&nbsp;250g(含)-300g(不含)</p></li><li><p>含绒量:&nbsp;90%</p></li><li><p>穿搭方式:&nbsp;外穿</p></li></ul><p><img src=\"http://192.168.3.138:8080/Shopping/upload/image/20201222/1608603970673081479.jpg\" title=\"1608603970673081479.jpg\" alt=\"1.jpg\"/><img src=\"http://192.168.3.138:8080/Shopping/upload/image/20201222/1608603973421027352.jpg\" title=\"1608603973421027352.jpg\" alt=\"2.jpg\"/><img src=\"http://192.168.3.138:8080/Shopping/upload/image/20201222/1608603976113076094.jpg\" title=\"1608603976113076094.jpg\" alt=\"3.jpg\"/><img src=\"http://192.168.3.138:8080/Shopping/upload/image/20201222/1608603978531006660.jpg\" title=\"1608603978531006660.jpg\" alt=\"4.jpg\"/><img src=\"http://192.168.3.138:8080/Shopping/upload/image/20201222/1608603981108034530.jpg\" title=\"1608603981108034530.jpg\" alt=\"5.jpg\"/><img src=\"http://192.168.3.138:8080/Shopping/upload/image/20201222/1608603983357070994.jpg\" title=\"1608603983357070994.jpg\" alt=\"6.jpg\"/></p>', '新款冬季羽绒服男士中长款加厚保暖潮流帅气韩版修身高端男装外套', null, '57900', '58000', '02002', '20', '1', '0', '0', '/resources/upload/862f78e5002a45aea1499b57688ea021.jpg', '2020-12-22 10:26:57', '3', '2020-12-22 10:26:57', '3', '2'), ('1019', '倍思（Baseus)车载垃圾袋', '62', '<ul class=\"p-parameter-list list-paddingleft-2\" style=\"list-style-type: none;\"><li><p>品牌：&nbsp;倍思</p></li><li><p>商品名称：倍思CRLJD-A01</p></li><li><p>商品编号：100010336954</p></li><li><p>商品毛重：0.53kg</p></li><li><p>商品产地：中国大陆</p></li><li><p>安装方式：挂钩式</p></li><li><p>使用位置：座椅后背</p></li><li><p>产品材质：皮质，金属</p></li></ul><p><img src=\"http://192.168.3.138:8080/Shopping/upload/image/20201222/1608604128089081970.jpg\" title=\"1608604128089081970.jpg\" alt=\"1aee97276bd64b88.jpg\"/></p><p><img src=\"http://192.168.3.138:8080/Shopping/upload/image/20201222/1608604133903008556.jpg\" title=\"1608604133903008556.jpg\" alt=\"eeb06c9c386223a6.jpg\"/></p>', '倍思（Baseus)车载垃圾袋 车载收纳盒车载垃圾桶汽车座椅收纳袋车载储物袋汽车用品车用垃圾袋大空间 黑', null, '59000', '6000', '07004', '20', '1', '0', '0', '/resources/upload/0df64769bb814892bd9c3971a6b777a2.jpg', '2020-12-22 14:04:14', '3', '2020-12-22 10:29:49', '3', null), ('1020', '雅鹿中老年羽绒服男士中长款加厚爸爸装中年人保暖毛领羽绒外套冬', '44', '<ul class=\"attributes-list list-paddingleft-2\" style=\"list-style-type: none;\"><li><p style=\"text-align: justify;\">面料分类:&nbsp;涂层布</p></li><li><p>图案:&nbsp;纯色</p></li><li><p>领型:&nbsp;可脱卸帽</p></li><li><p>颜色:&nbsp;黑色【狐狸毛领】 卡其【狐狸毛领】 深蓝【狐狸毛领】 黑色【无毛立领】 卡其【无毛立领】 深蓝【无毛立领】</p></li><li><p>袖型:&nbsp;外观散口内里收口</p></li><li><p>填充物:&nbsp;白鸭绒</p></li><li><p>上市时间:&nbsp;2020年</p></li><li><p>货号:&nbsp;Y2007A09970</p></li><li><p>细分风格:&nbsp;商务休闲</p></li><li><p>基础风格:&nbsp;商务绅士</p></li><li><p>厚薄:&nbsp;加厚</p></li><li><p>适用场景:&nbsp;其他休闲</p></li><li><p>衣长:&nbsp;中长款</p></li><li><p>款式细节:&nbsp;多口袋</p></li><li><p>服饰工艺:&nbsp;免烫处理</p></li><li><p>适用对象:&nbsp;中年</p></li><li><p>男装-穿着方式:&nbsp;外穿</p></li><li><p>含绒量:&nbsp;90%<img src=\"http://192.168.3.138:8080/Shopping/upload/image/20201222/1608604248322020680.jpg\" title=\"1608604248322020680.jpg\" alt=\"7.jpg\"/><img src=\"http://192.168.3.138:8080/Shopping/upload/image/20201222/1608604251341095158.jpg\" title=\"1608604251341095158.jpg\" alt=\"8.jpg\"/></p></li></ul><p><img src=\"http://192.168.3.138:8080/Shopping/upload/image/20201222/1608604234825090463.jpg\" title=\"1608604234825090463.jpg\" alt=\"3.jpg\"/><img src=\"http://192.168.3.138:8080/Shopping/upload/image/20201222/1608604237347074063.jpg\" title=\"1608604237347074063.jpg\" alt=\"4.jpg\"/><img src=\"http://192.168.3.138:8080/Shopping/upload/image/20201222/1608604240952028483.jpg\" title=\"1608604240952028483.jpg\" alt=\"5.jpg\"/><img src=\"http://192.168.3.138:8080/Shopping/upload/image/20201222/1608604231909086450.jpg\" title=\"1608604231909086450.jpg\" alt=\"2.jpg\"/></p>', '雅鹿中老年羽绒服男士中长款加厚爸爸装中年人保暖毛领羽绒外套冬', null, '48900', '49900', '02003', '50', '1', '0', '0', '/resources/upload/8d4abda4143247d38e6648b6cd5ca147.jpg', '2020-12-22 10:32:31', '3', '2020-12-22 10:30:55', '3', '3'), ('1021', '龟牌（Turtle Wax）硬壳洗车液', '62', '<ul class=\"p-parameter-list list-paddingleft-2\" style=\"list-style-type: none;\"><li><p>品牌：&nbsp;龟牌（Turtle Wax）</p></li><li><p>商品名称：龟牌TC-75</p></li><li><p>商品编号：1270162</p></li><li><p>商品毛重：1.3kg</p></li><li><p>商品产地：中国大陆</p></li><li><p>净含量：1L-2L</p></li><li><p>包装：套装</p></li><li><p>产品形态：液状</p></li></ul><p><img src=\"http://192.168.3.138:8080/Shopping/upload/image/20201222/1608604448581050532.jpg\" title=\"1608604448581050532.jpg\" alt=\"9b5f4bfcab19d87c.jpg\"/></p>', '龟牌（Turtle Wax）硬壳洗车液高泡沫洗车液洗车水蜡洗车套装汽车清洗剂清洁剂泡沫剂 去污汽车用品TC-75', null, '4000', '3900', '07005', '20', '1', '0', '0', '/resources/upload/d2e72561535647d799153e485be15469.jpg', '2020-12-22 14:04:28', '3', '2020-12-22 10:34:10', '3', null), ('1022', '花花公子贵宾羽绒服男短款2020冬装新款加厚保暖男士外套冬季潮牌', '44', '<ul class=\"attributes-list list-paddingleft-2\" style=\"list-style-type: none;\"><li><p>品牌:&nbsp;playboy VIP Collection/花花公子贵宾</p></li><li><p>材质:&nbsp;涤纶</p></li><li><p>涤纶含量:&nbsp;95%以上</p></li><li><p>尺码:&nbsp;4xl M L XL 2XL 3XL</p></li><li><p>面料分类:&nbsp;涂层布</p></li><li><p>图案:&nbsp;其他</p></li><li><p>领型:&nbsp;可脱卸帽</p></li><li><p>颜色:&nbsp;绿色 黄色 蓝色 红色</p></li><li><p>袖型:&nbsp;收口袖</p></li><li><p>填充物:&nbsp;其他</p></li><li><p>上市时间:&nbsp;2020年</p></li><li><p>货号:&nbsp;HHGZ-LOGO-LG5926</p></li><li><p>细分风格:&nbsp;潮</p></li><li><p>基础风格:&nbsp;青春流行</p></li><li><p>厚薄:&nbsp;加厚</p></li><li><p>适用场景:&nbsp;其他休闲</p></li><li><p>衣长:&nbsp;常规</p></li><li><p>款式细节:&nbsp;拼色</p></li><li><p>服饰工艺:&nbsp;免烫处理</p></li><li><p>适用对象:&nbsp;青年</p></li><li><p>男装-穿着方式:&nbsp;外穿</p></li><li><p>穿搭方式:&nbsp;外穿</p></li><li><p>材质成分:&nbsp;聚酯纤维100%</p></li></ul><p><img src=\"http://192.168.3.138:8080/Shopping/upload/image/20201222/1608604483869037134.jpg\" title=\"1608604483869037134.jpg\" alt=\"1.jpg\"/><img src=\"http://192.168.3.138:8080/Shopping/upload/image/20201222/1608604486976093177.jpg\" title=\"1608604486976093177.jpg\" alt=\"2.jpg\"/><img src=\"http://192.168.3.138:8080/Shopping/upload/image/20201222/1608604489307033029.jpg\" title=\"1608604489307033029.jpg\" alt=\"3.jpg\"/><img src=\"http://192.168.3.138:8080/Shopping/upload/image/20201222/1608604491704030675.jpg\" title=\"1608604491704030675.jpg\" alt=\"4.jpg\"/><img src=\"http://192.168.3.138:8080/Shopping/upload/image/20201222/1608604494087040623.jpg\" title=\"1608604494087040623.jpg\" alt=\"5.jpg\"/><img src=\"http://192.168.3.138:8080/Shopping/upload/image/20201222/1608604496213045514.jpg\" title=\"1608604496213045514.jpg\" alt=\"6.jpg\"/><img src=\"http://192.168.3.138:8080/Shopping/upload/image/20201222/1608604499167084788.jpg\" title=\"1608604499167084788.jpg\" alt=\"7.jpg\"/></p>', '花花公子贵宾羽绒服男短款2020冬装新款加厚保暖男士外套冬季潮牌', null, '12800', '13800', '02004', '50', '1', '0', '0', '/resources/upload/c48797495bd948eba46b5dec09b1ad42.jpg', '2020-12-22 10:35:55', '3', '2020-12-22 10:35:08', '3', '4'), ('1023', '3M 多功能车用清洁剂PN36150', '62', '<ul class=\"p-parameter-list list-paddingleft-2\" style=\"list-style-type: none;\"><li><p>品牌：3M</p></li><li><p>商品名称：3MPN36150</p></li><li><p>商品编号：100006562436</p></li><li><p>商品毛重：0.52kg</p></li><li><p>商品产地：中国大陆</p></li><li><p>净含量：300mL-500mL</p></li></ul><p><img src=\"http://192.168.3.138:8080/Shopping/upload/image/20201222/1608604660838009327.jpg\" title=\"1608604660838009327.jpg\" alt=\"5a4b50c5N1124dc66.jpg\"/></p><p><img src=\"http://192.168.3.138:8080/Shopping/upload/image/20201222/1608604682954067956.jpg\" title=\"1608604682954067956.jpg\" alt=\"5a4b4daaNf904d515.jpg\"/></p>', '3M 多功能车用清洁剂PN36150 汽车用品泡沫清洗剂内饰清洗皮革护理送清洁毛巾', null, '3200', '3400', '07006', '20', '1', '0', '0', '/resources/upload/08349eaa474b4566ad6456fb570c1877.jpg', '2020-12-22 14:04:41', '3', '2020-12-22 10:38:21', '3', null);
INSERT INTO `product` VALUES ('1024', '西服套装男士外套商务休闲韩版修身伴郎服新郎结婚职业正装小西装', '44', '<p>品牌名称：<span class=\"J_EbrandLogo\" style=\"margin: 0px; padding: 0px; color: rgb(51, 51, 51);\">易文</span></p><p class=\"attr-list-hd tm-clear\" style=\"margin-top: 0px; margin-bottom: 0px; padding: 5px 20px; line-height: 22px; color: rgb(153, 153, 153); font-family: tahoma, arial, 微软雅黑, sans-serif; font-size: 12px; white-space: normal; background-color: rgb(255, 255, 255);\"><a class=\"ui-more-nbg tm-MRswitchAttrs\" href=\"https://detail.tmall.com/item.htm?spm=a230r.1.14.224.4f4a442bNscBFv&id=625596018168&ns=1&abbucket=14#J_Attrs\" style=\"margin: 0px; padding: 0px 28px 0px 10px; text-decoration-line: none; color: rgb(153, 153, 153); outline: 0px; position: relative; display: inline-block; height: 20px; line-height: 22px; float: right;\">更多参数<em class=\"ui-more-nbg-arrow tm-MRswitchAttrs\" style=\"margin: 0px; padding: 0px; background-image: url(&quot;//assets.alicdn.com/apps/tmall/mui/more/img/more.png&quot;); width: 13px; display: inline-block; background-repeat: no-repeat; position: absolute; top: 6px; right: 10px; height: 13px; line-height: 13px; overflow: hidden; background-position: 0px -26px;\"></em></a><span style=\"margin: 0px; padding: 0px; font-weight: 700; float: left; font-size: 16px;\">产品参数：</span></p><ul style=\"list-style-type: none;\" class=\" list-paddingleft-2\"><li><p><br/></p></li><li><p>品牌:&nbsp;易文</p></li><li><p>货号:&nbsp;XF001..-324440</p></li><li><p>基础风格:&nbsp;时尚都市</p></li><li><p>上市年份季节:&nbsp;2020年秋季</p></li><li><p>厚薄:&nbsp;常规</p></li><li><p>销售渠道类型:&nbsp;纯电商(只在线上销售)</p></li><li><p>材质成分:&nbsp;聚酯纤维80% 粘胶纤维(粘纤)20</p></li></ul><p><img src=\"http://192.168.3.138:8080/Shopping/upload/image/20201222/1608604674853028738.png\" title=\"1608604674853028738.png\" alt=\"1.png\"/><img src=\"http://192.168.3.138:8080/Shopping/upload/image/20201222/1608604678286019564.png\" title=\"1608604678286019564.png\" alt=\"2.png\"/><img src=\"http://192.168.3.138:8080/Shopping/upload/image/20201222/1608604680989044155.png\" title=\"1608604680989044155.png\" alt=\"3.png\"/><img src=\"http://192.168.3.138:8080/Shopping/upload/image/20201222/1608604694037041287.png\" title=\"1608604694037041287.png\" alt=\"7.png\"/><img src=\"http://192.168.3.138:8080/Shopping/upload/image/20201222/1608604696415021868.png\" title=\"1608604696415021868.png\" alt=\"8.png\"/><img src=\"http://192.168.3.138:8080/Shopping/upload/image/20201222/1608604686201079908.png\" title=\"1608604686201079908.png\" alt=\"5.png\"/></p>', '西服套装男士外套商务休闲韩版修身伴郎服新郎结婚职业正装小西装', null, '13800', '14800', '02005', '50', '1', '0', '0', '/resources/upload/a13b93ee8c26474a84ce3968bca067ee.jpg', '2020-12-22 10:39:02', '3', '2020-12-22 10:39:02', '3', '5'), ('1025', '【官方旗舰店】3M除胶剂PN38180橙香味粘胶去除剂', '62', '<ul class=\"p-parameter-list list-paddingleft-2\" style=\"list-style-type: none;\"><li><p>品牌： 3M</p></li><li><p>商品名称：【官方旗舰店】3M除胶剂PN38180橙香味粘胶去除剂 沥青柏油双面不干胶水清除去胶剂 汽车用品XJ</p></li><li><p>商品编号：42898803026</p></li><li><p>商品毛重：1.0kg</p></li><li><p>商品产地：中国大陆</p></li><li><p>货号：AAD</p></li></ul><p><img src=\"http://192.168.3.138:8080/Shopping/upload/image/20201222/1608604856874037616.jpg\" title=\"1608604856874037616.jpg\" alt=\"5ee80410c179c5fe.jpg\"/></p>', '【官方旗舰店】3M除胶剂PN38180橙香味粘胶去除剂 沥青柏油双面不干胶水清除去胶剂 汽车用品XJ', null, '6600', '6800', '07007', '20', '1', '0', '0', '/resources/upload/e55919aa2cb54725824076aed25ad1fe.jpg', '2020-12-22 14:03:04', '3', '2020-12-22 10:40:59', '3', null), ('1026', '鄂尔多斯产羊绒衫男100纯羊绒冬季加厚毛衣男士羊毛衫中年爸爸装', '44', '<ul class=\"attributes-list list-paddingleft-2\" style=\"list-style-type: none;\"><li><p>品牌:&nbsp;其它/other</p></li><li><p>材质:&nbsp;纯羊绒（95%以上）</p></li><li><p>尺码:&nbsp;165码【适合100-120斤】 170码【适合120-140斤】 175码 【适合140-160斤】 180码【适合160-180斤】 185码 【适合180-195斤】 190码【适合195-215斤】 195码【合适215-240斤】</p></li><li><p>图案:&nbsp;纯色</p></li><li><p>领型:&nbsp;半高领</p></li><li><p>毛线粗细:&nbsp;细毛线 （16针和14针）</p></li><li><p>颜色:&nbsp;【半高领】驼色 【半高领】深灰色 【半高领】藏青色 【半高领】浅灰色 【半高领】酒红色 【半高领】黑色 【半高领】哈青 【圆领】黑色 【圆领】藏青 【圆领】驼色 【圆领】酒红 【圆领】湖蓝 【圆领】深灰 【圆领】咖驼 【圆领】中国红</p></li><li><p>袖型:&nbsp;常规</p></li><li><p>上市时间:&nbsp;2020年</p></li><li><p>细分风格:&nbsp;商务休闲</p></li><li><p>基础风格:&nbsp;商务绅士</p></li><li><p>适用季节:&nbsp;冬季</p></li><li><p>袖长:&nbsp;长袖</p></li><li><p>厚薄:&nbsp;加厚</p></li><li><p>适用场景:&nbsp;商务</p></li><li><p>版型:&nbsp;宽松</p></li><li><p>款式细节:&nbsp;罗纹底摆</p></li><li><p>工艺处理:&nbsp;免烫处理</p></li><li><p>适用对象:&nbsp;中年</p></li><li><p>款式:&nbsp;套头</p></li><li><p>材质成分:&nbsp;其他100%</p></li></ul><p><img src=\"http://192.168.3.138:8080/Shopping/upload/image/20201222/1608604842222086818.jpg\" title=\"1608604842222086818.jpg\" alt=\"1.jpg\"/><img src=\"http://192.168.3.138:8080/Shopping/upload/image/20201222/1608604845384059762.jpg\" title=\"1608604845384059762.jpg\" alt=\"2.jpg\"/><img src=\"http://192.168.3.138:8080/Shopping/upload/image/20201222/1608604847748015931.jpg\" title=\"1608604847748015931.jpg\" alt=\"3.jpg\"/><img src=\"http://192.168.3.138:8080/Shopping/upload/image/20201222/1608604850140065731.jpg\" title=\"1608604850140065731.jpg\" alt=\"4.jpg\"/><img src=\"http://192.168.3.138:8080/Shopping/upload/image/20201222/1608604852550025740.jpg\" title=\"1608604852550025740.jpg\" alt=\"5.jpg\"/><img src=\"http://192.168.3.138:8080/Shopping/upload/image/20201222/1608604854841012707.jpg\" title=\"1608604854841012707.jpg\" alt=\"6.jpg\"/><img src=\"http://192.168.3.138:8080/Shopping/upload/image/20201222/1608604857303066763.jpg\" title=\"1608604857303066763.jpg\" alt=\"7.jpg\"/><img src=\"http://192.168.3.138:8080/Shopping/upload/image/20201222/1608604859629001920.jpg\" title=\"1608604859629001920.jpg\" alt=\"8.jpg\"/></p>', '鄂尔多斯产羊绒衫男100纯羊绒冬季加厚毛衣男士羊毛衫中年爸爸装', null, '25800', '26800', '02006', '50', '1', '0', '0', '/resources/upload/05d183f48e304cd9a6be40c888b67786.jpg', '2020-12-22 10:41:48', '3', '2020-12-22 10:41:48', '3', '6'), ('1027', '2020年冬季新款派克服男中长款狐狸毛工装外套加厚男士潮牌羽绒服', '44', '<ul class=\"attributes-list list-paddingleft-2\" style=\"list-style-type: none;\"><li><p>品牌:&nbsp;A.D Hepburn</p></li><li><p>尺码:&nbsp;4XL M L XL 2XL 3XL</p></li><li><p>面料分类:&nbsp;涂层布</p></li><li><p>图案:&nbsp;纯色</p></li><li><p>领型:&nbsp;连帽</p></li><li><p>颜色:&nbsp;黑色1 灰蓝色21 米色1</p></li><li><p>袖型:&nbsp;外观散口内里收口</p></li><li><p>填充物:&nbsp;白鸭绒</p></li><li><p>上市时间:&nbsp;2020年</p></li><li><p>货号:&nbsp;AD1010271</p></li><li><p>细分风格:&nbsp;基础大众</p></li><li><p>基础风格:&nbsp;时尚都市</p></li><li><p>厚薄:&nbsp;加厚</p></li><li><p>适用场景:&nbsp;其他休闲</p></li><li><p>衣长:&nbsp;中长款</p></li><li><p>款式细节:&nbsp;多口袋</p></li><li><p>服饰工艺:&nbsp;免烫处理</p></li><li><p>适用对象:&nbsp;青年</p></li><li><p>男装-穿着方式:&nbsp;外穿</p></li><li><p>充绒量:&nbsp;200g(含)-250g(不含)</p></li><li><p>含绒量:&nbsp;90%</p></li><li><p>穿搭方式:&nbsp;外穿</p></li></ul><p><img src=\"http://192.168.3.138:8080/Shopping/upload/image/20201222/1608605095789085714.jpg\" title=\"1608605095789085714.jpg\" alt=\"1.jpg\"/><img src=\"http://192.168.3.138:8080/Shopping/upload/image/20201222/1608605098182086316.jpg\" title=\"1608605098182086316.jpg\" alt=\"2.jpg\"/><img src=\"http://192.168.3.138:8080/Shopping/upload/image/20201222/1608605100587059101.jpg\" title=\"1608605100587059101.jpg\" alt=\"3.jpg\"/><img src=\"http://192.168.3.138:8080/Shopping/upload/image/20201222/1608605103052025406.jpg\" title=\"1608605103052025406.jpg\" alt=\"4.jpg\"/><img src=\"http://192.168.3.138:8080/Shopping/upload/image/20201222/1608605105274079482.jpg\" title=\"1608605105274079482.jpg\" alt=\"5.jpg\"/><img src=\"http://192.168.3.138:8080/Shopping/upload/image/20201222/1608605107734015821.jpg\" title=\"1608605107734015821.jpg\" alt=\"6.jpg\"/><img src=\"http://192.168.3.138:8080/Shopping/upload/image/20201222/1608605110191017857.jpg\" title=\"1608605110191017857.jpg\" alt=\"7.jpg\"/></p>', '2020年冬季新款派克服男中长款狐狸毛工装外套加厚男士潮牌羽绒服', null, '108800', '128800', '02007', '50', '1', '0', '0', '/resources/upload/7a2eb15085874007bc7e0f76f0fe8180.jpg', '2020-12-22 10:45:52', '3', '2020-12-22 10:45:52', '3', '7'), ('1028', '森马 Senma 高帮马丁靴系', '63', '<ul class=\"p-parameter-list list-paddingleft-2\" style=\"list-style-type: none;\"><li><p>品牌：&nbsp;森馬</p></li><li><p>商品名称：森馬男靴</p></li><li><p>商品编号：100007929842</p></li><li><p>商品毛重：1.0kg</p></li><li><p>商品产地：浙江温州</p></li><li><p>货号：619313602</p></li><li><p>鞋面材质：绒面</p></li><li><p>适用季节：春秋</p></li><li><p>靴筒高度：高筒</p></li><li><p>适用人群：青年</p></li><li><p>鞋底材质：橡胶</p></li></ul><p><img src=\"http://192.168.3.138:8080/Shopping/upload/image/20201222/1608605162307025319.jpg\" title=\"1608605162307025319.jpg\" alt=\"2a68ff7a88876cde.jpg\"/></p><p><img src=\"http://192.168.3.138:8080/Shopping/upload/image/20201222/1608605170110087096.jpg\" title=\"1608605170110087096.jpg\" alt=\"7f7f444f3c51e38d.jpg\"/></p>', '森马 Senma 高帮马丁靴系带简约时尚纯色韩版学生百搭耐磨防滑工装靴男靴 619313602 咖喱黄 42码', null, '22100', '24300', '08001', '20', '1', '0', '0', '/resources/upload/d5138bfa4fd14435a30c245f1f571f20.jpg', '2020-12-22 14:04:58', '3', '2020-12-22 10:46:11', '3', null), ('1029', '冬季羽绒服男潮流男士白鸭绒外套情侣冬装港风宽松加厚帅气面包服', '44', '<p>品牌名称：<span class=\"J_EbrandLogo\" style=\"margin: 0px; padding: 0px; color: rgb(51, 51, 51);\">创诺华</span></p><p class=\"attr-list-hd tm-clear\" style=\"margin-top: 0px; margin-bottom: 0px; padding: 5px 20px; line-height: 22px; color: rgb(153, 153, 153); font-family: tahoma, arial, 微软雅黑, sans-serif; font-size: 12px; white-space: normal; background-color: rgb(255, 255, 255);\"><a class=\"ui-more-nbg tm-MRswitchAttrs\" href=\"https://detail.tmall.com/item.htm?spm=a230r.1.14.359.4f4a442bNscBFv&id=630304107348&ns=1&abbucket=14#J_Attrs\" style=\"margin: 0px; padding: 0px 28px 0px 10px; text-decoration-line: none; color: rgb(153, 153, 153); outline: 0px; position: relative; display: inline-block; height: 20px; line-height: 22px; float: right;\">更多参数<em class=\"ui-more-nbg-arrow tm-MRswitchAttrs\" style=\"margin: 0px; padding: 0px; background-image: url(&quot;//assets.alicdn.com/apps/tmall/mui/more/img/more.png&quot;); width: 13px; display: inline-block; background-repeat: no-repeat; position: absolute; top: 6px; right: 10px; height: 13px; line-height: 13px; overflow: hidden; background-position: 0px -26px;\"></em></a><span style=\"margin: 0px; padding: 0px; font-weight: 700; float: left; font-size: 16px;\">产品参数：</span></p><ul style=\"list-style-type: none;\" class=\" list-paddingleft-2\"><li><p><br/></p></li><li><p>品牌:&nbsp;创诺华</p></li><li><p>填充物:&nbsp;白鸭绒</p></li><li><p>货号:&nbsp;cnh10170</p></li><li><p>基础风格:&nbsp;青春流行</p></li><li><p>上市年份季节:&nbsp;2020年秋季</p></li><li><p>厚薄:&nbsp;加厚</p></li><li><p>充绒量:&nbsp;150g(含)-200g(不含)</p></li><li><p>含绒量:&nbsp;50%</p></li><li><p>销售渠道类型:&nbsp;纯电商(只在线上销售)</p></li><li><p>材质成分:&nbsp;聚酯纤维100%</p></li></ul><p><img src=\"http://192.168.3.138:8080/Shopping/upload/image/20201222/1608605313622047105.jpg\" title=\"1608605313622047105.jpg\" alt=\"1.jpg\"/><img src=\"http://192.168.3.138:8080/Shopping/upload/image/20201222/1608605316213016387.jpg\" title=\"1608605316213016387.jpg\" alt=\"2.jpg\"/><img src=\"http://192.168.3.138:8080/Shopping/upload/image/20201222/1608605319646071244.jpg\" title=\"1608605319646071244.jpg\" alt=\"3.jpg\"/><img src=\"http://192.168.3.138:8080/Shopping/upload/image/20201222/1608605324291027032.jpg\" title=\"1608605324291027032.jpg\" alt=\"4.jpg\"/></p>', '冬季羽绒服男潮流男士白鸭绒外套情侣冬装港风宽松加厚帅气面包服', null, '18000', '19000', '02008', '50', '1', '0', '0', '/resources/upload/a0955c7eabe14545b02491def02f119f.jpg', '2020-12-22 10:48:55', '3', '2020-12-22 10:48:55', '3', '8'), ('1030', 'LURAD 家居拖鞋女夏防滑', '63', '<p><br/></p><ul class=\"p-parameter-list list-paddingleft-2\" style=\"list-style-type: none;\"><li><p>商品名称：LURAD家居拖鞋</p></li><li><p>商品编号：100001999907</p></li><li><p>商品毛重：350.00g</p></li><li><p>商品产地：中国大陆</p></li><li><p>货号：M1788EA</p></li><li><p>鞋面材质：塑胶</p></li></ul><p><img src=\"http://192.168.3.138:8080/Shopping/upload/image/20201222/1608605382293063939.jpg\" title=\"1608605382293063939.jpg\" alt=\"501e2cb365ad8cc8.jpg\"/></p><p><img src=\"http://192.168.3.138:8080/Shopping/upload/image/20201222/1608605388928095286.jpg\" title=\"1608605388928095286.jpg\" alt=\"28a63e899d3f7f63.jpg\"/></p>', 'LURAD 家居拖鞋女夏防滑情侣软底室外室内洗澡厚底凉拖男 黑色 42-43(适合41-42)', null, '990', '1000', '08002', '20', '1', '0', '0', '/resources/upload/1b4ce79e9b7d46adbcc2ed2e079f0a46.jpg', '2020-12-22 14:05:11', '3', '2020-12-22 10:50:00', '3', null), ('1031', '拉夏贝尔VOUGEEK交叉V领烫钻连衣裙女装秋冬性感修身显瘦包臀短裙', '45', '<ul class=\"attributes-list list-paddingleft-2\" style=\"list-style-type: none;\"><li><p>品牌:&nbsp;Vougeek</p></li><li><p>适用年龄:&nbsp;18-24周岁</p></li><li><p>尺码:&nbsp;S M L</p></li><li><p>风格:&nbsp;通勤</p></li><li><p>通勤:&nbsp;韩版</p></li><li><p>领型:&nbsp;V领</p></li><li><p>颜色分类:&nbsp;黑色</p></li><li><p>袖型:&nbsp;常规</p></li><li><p>组合形式:&nbsp;单件</p></li><li><p>货号:&nbsp;WN008962</p></li><li><p>裙型:&nbsp;一步裙</p></li><li><p>年份季节:&nbsp;2020年秋季</p></li><li><p>袖长:&nbsp;长袖</p></li><li><p>裙长:&nbsp;短裙</p></li><li><p>流行元素/工艺:&nbsp;镶钻</p></li><li><p>廓形:&nbsp;A型</p></li></ul><p><img src=\"http://192.168.3.138:8080/Shopping/upload/image/20201222/1608605476790042386.jpg\" title=\"1608605476790042386.jpg\" alt=\"1.jpg\"/><img src=\"http://192.168.3.138:8080/Shopping/upload/image/20201222/1608605479654011522.jpg\" title=\"1608605479654011522.jpg\" alt=\"2.jpg\"/><img src=\"http://192.168.3.138:8080/Shopping/upload/image/20201222/1608605482424008025.jpg\" title=\"1608605482424008025.jpg\" alt=\"3.jpg\"/><img src=\"http://192.168.3.138:8080/Shopping/upload/image/20201222/1608605484677096620.jpg\" title=\"1608605484677096620.jpg\" alt=\"4.jpg\"/><img src=\"http://192.168.3.138:8080/Shopping/upload/image/20201222/1608605487961054245.jpg\" title=\"1608605487961054245.jpg\" alt=\"5.jpg\"/><img src=\"http://192.168.3.138:8080/Shopping/upload/image/20201222/1608605490213016286.jpg\" title=\"1608605490213016286.jpg\" alt=\"6.jpg\"/><img src=\"http://192.168.3.138:8080/Shopping/upload/image/20201222/1608605492383095911.jpg\" title=\"1608605492383095911.jpg\" alt=\"7.jpg\"/><img src=\"http://192.168.3.138:8080/Shopping/upload/image/20201222/1608605498002041918.jpg\" title=\"1608605498002041918.jpg\" alt=\"8.jpg\"/></p>', '拉夏贝尔VOUGEEK交叉V领烫钻连衣裙女装秋冬性感修身显瘦包臀短裙', null, '31900', '38200', '03001', '50', '1', '0', '0', '/resources/upload/7a87f12067994e06aa9d643f3b78eac5.jpg', '2020-12-22 10:51:42', '3', '2020-12-22 10:51:42', '3', '1'), ('1032', '欧洲站时尚秋季流行女装2020新款小香风气质显瘦韩版法式连衣裙女', '45', '<ul class=\"attributes-list list-paddingleft-2\" style=\"list-style-type: none;\"><li><p>适用年龄:&nbsp;25-29周岁</p></li><li><p>材质:&nbsp;棉</p></li><li><p>尺码:&nbsp;S M L XL</p></li><li><p>面料:&nbsp;织锦</p></li><li><p>图案:&nbsp;纯色</p></li><li><p>风格:&nbsp;通勤</p></li><li><p>通勤:&nbsp;韩版</p></li><li><p>领型:&nbsp;圆领</p></li><li><p>腰型:&nbsp;中腰</p></li><li><p>衣门襟:&nbsp;套头</p></li><li><p>颜色分类:&nbsp;黑色拼接</p></li><li><p>袖型:&nbsp;常规</p></li><li><p>组合形式:&nbsp;单件</p></li><li><p>货号:&nbsp;FZ200901</p></li><li><p>成分含量:&nbsp;81%(含)-90%(含)</p></li><li><p>裙型:&nbsp;A字裙</p></li><li><p>年份季节:&nbsp;2020年秋季</p></li><li><p>袖长:&nbsp;长袖</p></li><li><p>裙长:&nbsp;短裙</p></li><li><p>流行元素/工艺:&nbsp;拼接</p></li><li><p>款式:&nbsp;其他/other</p></li></ul><p><img src=\"http://192.168.3.138:8080/Shopping/upload/image/20201222/1608605611611042656.jpg\" title=\"1608605611611042656.jpg\" alt=\"2.jpg\"/><img src=\"http://192.168.3.138:8080/Shopping/upload/image/20201222/1608605614345004959.jpg\" title=\"1608605614345004959.jpg\" alt=\"3.jpg\"/><img src=\"http://192.168.3.138:8080/Shopping/upload/image/20201222/1608605617445057433.jpg\" title=\"1608605617445057433.jpg\" alt=\"4.jpg\"/></p>', '欧洲站时尚秋季流行女装2020新款小香风气质显瘦韩版法式连衣裙女', null, '35900', '38500', '03002', '50', '1', '0', '0', '/resources/upload/47d51a9f7f304f78b961a6dc64253299.jpg', '2020-12-22 10:55:10', '3', '2020-12-22 10:55:10', '3', '2'), ('1033', '【型徒】男鞋 2020秋冬新品帆布鞋板鞋高帮男靴', '63', '<ul class=\"p-parameter-list list-paddingleft-2\" style=\"list-style-type: none;\"><li><p>品牌：&nbsp;型徒</p></li><li><p>商品名称：【型徒】男鞋 2020秋冬新品帆布鞋板鞋高帮男靴aj运动鞋子男工装雪地靴加绒男士马丁靴登山徒步休闲鞋 2902#不加绒灰色 42</p></li><li><p>商品编号：56933816616</p></li><li><p>商品毛重：1.0kg</p></li><li><p>货号：YG-2902</p></li><li><p>鞋面材质：人造皮革</p></li></ul><p><br/></p><p><img src=\"http://192.168.3.138:8080/Shopping/upload/image/20201222/1608605704849000626.jpg\" title=\"1608605704849000626.jpg\" alt=\"e113e0fdf9f7fe5a.jpg\"/><img src=\"http://192.168.3.138:8080/Shopping/upload/image/20201222/1608605678671088107.jpg\" title=\"1608605678671088107.jpg\" alt=\"3c38dab75bf22ea8.jpg\"/></p>', '【型徒】男鞋 2020秋冬新品帆布鞋板鞋高帮男靴aj运动鞋子男工装雪地靴加绒男士马丁靴登山徒步休闲鞋 2902#不加绒灰色 42', null, '15400', '23400', '08003', '20', '1', '0', '0', '/resources/upload/68b040974cee40a6a3ba343be3734d92.jpg', '2020-12-22 14:05:33', '3', '2020-12-22 10:55:13', '3', null), ('1034', '正品哥弟新款2020专柜品牌冬季女装韩版爆款小个子保暖宽松羽绒服', '45', '<ul class=\"attributes-list list-paddingleft-2\" style=\"list-style-type: none;\"><li><p>品牌:&nbsp;品哥弟新</p></li><li><p>适用年龄:&nbsp;30-34周岁</p></li><li><p>尺码:&nbsp;S M L</p></li><li><p>图案:&nbsp;纯色</p></li><li><p>风格:&nbsp;通勤</p></li><li><p>通勤:&nbsp;韩版</p></li><li><p>领子:&nbsp;立领</p></li><li><p>衣门襟:&nbsp;拉链</p></li><li><p>颜色分类:&nbsp;020#黑色 020#墨绿色 020#经典灰 020#米灰色</p></li><li><p>材质:&nbsp;其他</p></li><li><p>袖型:&nbsp;常规</p></li><li><p>填充物:&nbsp;白鸭绒</p></li><li><p>货号:&nbsp;020</p></li><li><p>主材质含量:&nbsp;96%及以上</p></li><li><p>上市年份季节:&nbsp;2020年秋季</p></li><li><p>袖长:&nbsp;长袖</p></li><li><p>厚薄:&nbsp;加厚</p></li><li><p>衣长:&nbsp;短款</p></li><li><p>服装版型:&nbsp;直筒</p></li><li><p>流行元素/工艺:&nbsp;带毛领</p></li><li><p>充绒量:&nbsp;200g(含)-250g(不含)</p></li></ul><p><img src=\"http://192.168.3.138:8080/Shopping/upload/image/20201222/1608605879251075191.jpg\" title=\"1608605879251075191.jpg\" alt=\"1.jpg\"/><img src=\"http://192.168.3.138:8080/Shopping/upload/image/20201222/1608605881524081169.jpg\" title=\"1608605881524081169.jpg\" alt=\"2.jpg\"/><img src=\"http://192.168.3.138:8080/Shopping/upload/image/20201222/1608605883998066202.jpg\" title=\"1608605883998066202.jpg\" alt=\"3.jpg\"/><img src=\"http://192.168.3.138:8080/Shopping/upload/image/20201222/1608605886666002321.jpg\" title=\"1608605886666002321.jpg\" alt=\"4.jpg\"/><img src=\"http://192.168.3.138:8080/Shopping/upload/image/20201222/1608605888864063342.jpg\" title=\"1608605888864063342.jpg\" alt=\"5.jpg\"/><img src=\"http://192.168.3.138:8080/Shopping/upload/image/20201222/1608605892927012406.jpg\" title=\"1608605892927012406.jpg\" alt=\"6.jpg\"/><img src=\"http://192.168.3.138:8080/Shopping/upload/image/20201222/1608605895379041979.jpg\" title=\"1608605895379041979.jpg\" alt=\"7.jpg\"/><img src=\"http://192.168.3.138:8080/Shopping/upload/image/20201222/1608605897796010118.jpg\" title=\"1608605897796010118.jpg\" alt=\"8.jpg\"/></p>', '', null, '24800', '25800', '02003', '50', '1', '0', '0', '/resources/upload/1f7a2c0fd82a4f18be7c3ab55f59c6c2.jpg', '2020-12-22 10:58:26', '3', '2020-12-22 10:58:20', '3', '3'), ('1035', '男鞋秋冬季新款加绒棉鞋时尚休闲鞋', '63', '<ul class=\"p-parameter-list list-paddingleft-2\" style=\"list-style-type: none;\"><li><p>品牌：&nbsp;<a href=\"https://list.jd.com/list.html?cat=11729,11730,6908&ev=exbrand_270584\" target=\"_blank\" style=\"margin: 0px; padding: 0px; color: rgb(94, 105, 173); text-decoration-line: none;\">VBTER</a></p></li><li><p>商品名称：男鞋秋冬季新款加绒棉鞋时尚休闲鞋子男潮流韩版运动老爹鞋男士户外百搭高帮板鞋跑步鞋厚底内增高皮面小白鞋 KC-H017白色反光 41</p></li><li><p>商品编号：10020387293878</p></li><li><p>店铺：&nbsp;<a href=\"https://mall.jd.com/index-737663.html?from=pc\" target=\"_blank\" style=\"margin: 0px; padding: 0px; color: rgb(94, 105, 173); text-decoration-line: none;\">辉迅服饰专营店</a></p></li><li><p>商品毛重：1.0kg</p></li><li><p>商品产地：中国大陆</p></li><li><p>货号：H017</p></li><li><p>鞋面材质：PU</p></li><li><p>适用季节：冬季</p></li><li><p>功能：透气，耐磨</p></li><li><p>适用人群：青年，中年</p></li></ul><p><img src=\"http://192.168.3.138:8080/Shopping/upload/image/20201222/1608605998294064334.jpg\" title=\"1608605998294064334.jpg\" alt=\"92ced56e5d2260ea.jpg\"/></p>', '男鞋秋冬季新款加绒棉鞋时尚休闲鞋子男潮流韩版运动老爹鞋男士户外百搭高帮板鞋跑步鞋厚底内增高皮面小白鞋 KC-H017白色反光 41', null, '12200', '12400', '08004', '20', '1', '0', '0', '/resources/upload/e6a02fd541ba445eafb52dc9dad3c96e.jpg', '2020-12-22 11:00:50', '3', '2020-12-22 11:00:50', '3', null), ('1036', '2020秋冬新品休闲鞋男时尚百搭板鞋', '63', '<ul class=\"p-parameter-list list-paddingleft-2\" style=\"list-style-type: none;\"><li><p>品牌：&nbsp;花花公子</p></li><li><p>商品名称：花花公子男鞋2020秋冬新品休闲鞋男时尚百搭板鞋男运动小白鞋男透气韩版鞋子男潮鞋 白/黑 41</p></li><li><p>商品编号：71393751216</p></li><li><p>商品毛重：500.00g</p></li><li><p>货号：PL821002-C</p></li><li><p>鞋面材质：多种材质拼接</p></li><li><p><img src=\"http://192.168.3.138:8080/Shopping/upload/image/20201222/1608606170332073788.jpg\" title=\"1608606170332073788.jpg\" alt=\"64320f861cab196f.jpg\"/><br/></p></li></ul><p><img src=\"http://192.168.3.138:8080/Shopping/upload/image/20201222/1608606158963047381.jpg\" title=\"1608606158963047381.jpg\" alt=\"f65dab784938b161.jpg\"/></p>', '花花公子男鞋2020秋冬新品休闲鞋男时尚百搭板鞋男运动小白鞋男透气韩版鞋子男潮鞋 白/黑 41', null, '18000', '19800', '08005', '20', '1', '0', '0', '/resources/upload/a545097fd76d4d9ab1709ebee892200b.jpg', '2020-12-22 14:05:57', '3', '2020-12-22 11:03:52', '3', null), ('1037', '2020年新款秋冬装女士加绒加厚高领毛衣服女装爆款宽松外穿打底衫', '45', '<p>品牌名称：<span class=\"J_EbrandLogo\" style=\"margin: 0px; padding: 0px; color: rgb(51, 51, 51);\">雪梵希</span></p><p class=\"attr-list-hd tm-clear\" style=\"margin-top: 0px; margin-bottom: 0px; padding: 5px 20px; line-height: 22px; color: rgb(153, 153, 153); font-family: tahoma, arial, 微软雅黑, sans-serif; font-size: 12px; white-space: normal; background-color: rgb(255, 255, 255);\"><span style=\"margin: 0px; padding: 0px; font-weight: 700; float: left;\">产品参数：</span></p><ul style=\"list-style-type: none;\" class=\" list-paddingleft-2\"><li><p>品牌:&nbsp;雪梵希</p></li><li><p>适用年龄:&nbsp;18-24周岁</p></li><li><p>功能性:&nbsp;保暖发热</p></li><li><p>尺码:&nbsp;均码</p></li><li><p>图案:&nbsp;纯色</p></li><li><p>风格:&nbsp;通勤</p></li><li><p>领子:&nbsp;高领</p></li><li><p>毛线粗细:&nbsp;常规毛线</p></li><li><p>颜色分类:&nbsp;深蓝色&nbsp;酒红色&nbsp;钻红色&nbsp;深蓝色加绒&nbsp;酒红色加绒&nbsp;砖红色加绒</p></li><li><p>袖型:&nbsp;常规</p></li><li><p>组合形式:&nbsp;单件</p></li><li><p>货号:&nbsp;XFX6757</p></li><li><p>年份/季节:&nbsp;2020年冬季</p></li><li><p>袖长:&nbsp;长袖</p></li><li><p>款式:&nbsp;套头</p></li><li><p>厚薄:&nbsp;加厚</p></li><li><p>衣长:&nbsp;常规款</p></li><li><p>服装版型:&nbsp;直筒</p></li><li><p>服装款式细节:&nbsp;拼接&nbsp;螺纹</p></li><li><p>销售渠道类型:&nbsp;纯电商(只在线上销售)</p></li><li><p>材质成分:&nbsp;其他100%</p></li></ul><p><img src=\"http://192.168.3.138:8080/Shopping/upload/image/20201222/1608606235381039568.jpg\" title=\"1608606235381039568.jpg\" alt=\"1.jpg\"/><img src=\"http://192.168.3.138:8080/Shopping/upload/image/20201222/1608606238046044413.jpg\" title=\"1608606238046044413.jpg\" alt=\"2.jpg\"/><img src=\"http://192.168.3.138:8080/Shopping/upload/image/20201222/1608606240513031553.jpg\" title=\"1608606240513031553.jpg\" alt=\"3.jpg\"/><img src=\"http://192.168.3.138:8080/Shopping/upload/image/20201222/1608606242854077589.jpg\" title=\"1608606242854077589.jpg\" alt=\"4.jpg\"/><img src=\"http://192.168.3.138:8080/Shopping/upload/image/20201222/1608606245100036898.jpg\" title=\"1608606245100036898.jpg\" alt=\"5.jpg\"/><img src=\"http://192.168.3.138:8080/Shopping/upload/image/20201222/1608606247167082984.jpg\" title=\"1608606247167082984.jpg\" alt=\"6.jpg\"/><img src=\"http://192.168.3.138:8080/Shopping/upload/image/20201222/1608606249309014467.jpg\" title=\"1608606249309014467.jpg\" alt=\"7.jpg\"/><img src=\"http://192.168.3.138:8080/Shopping/upload/image/20201222/1608606251424054743.jpg\" title=\"1608606251424054743.jpg\" alt=\"8.jpg\"/><img src=\"http://192.168.3.138:8080/Shopping/upload/image/20201222/1608606253472071849.jpg\" title=\"1608606253472071849.jpg\" alt=\"9.jpg\"/><img src=\"http://192.168.3.138:8080/Shopping/upload/image/20201222/1608606255681055326.jpg\" title=\"1608606255681055326.jpg\" alt=\"10.jpg\"/></p>', '2020年新款秋冬装女士加绒加厚高领毛衣服女装爆款宽松外穿打底衫', null, '7800', '8800', '02003', '50', '1', '0', '0', '/resources/upload/25992ef12518429280ea76c9eeecc0d2.jpg', '2020-12-22 11:04:35', '3', '2020-12-22 11:04:35', '3', '3'), ('1038', '【买一送一】棉服2020年新款女秋冬加厚宽松爆款假两件棉袄外套', '45', '<ul class=\"attributes-list list-paddingleft-2\" style=\"list-style-type: none;\"><li><p>品牌:&nbsp;other/其他</p></li><li><p>适用年龄:&nbsp;18-24周岁</p></li><li><p>尺码:&nbsp;S M L XL 2XL</p></li><li><p>风格:&nbsp;街头</p></li><li><p>街头:&nbsp;中性</p></li><li><p>颜色分类:&nbsp;黑色 灰色 蓝色 紫色 藕色 米白色</p></li><li><p>货号:&nbsp;WT08</p></li><li><p>年份/季节:&nbsp;2020年冬季</p></li><li><p>袖长:&nbsp;长袖</p></li><li><p>厚薄:&nbsp;常规</p></li><li><p>衣长:&nbsp;常规</p></li></ul><p><img src=\"http://192.168.3.138:8080/Shopping/upload/image/20201222/1608606457008088196.jpg\" title=\"1608606457008088196.jpg\" alt=\"1.jpg\"/><img src=\"http://192.168.3.138:8080/Shopping/upload/image/20201222/1608606459516049294.jpg\" title=\"1608606459516049294.jpg\" alt=\"2.jpg\"/><img src=\"http://192.168.3.138:8080/Shopping/upload/image/20201222/1608606463798030424.jpg\" title=\"1608606463798030424.jpg\" alt=\"3.jpg\"/><img src=\"http://192.168.3.138:8080/Shopping/upload/image/20201222/1608606466133087194.jpg\" title=\"1608606466133087194.jpg\" alt=\"4.jpg\"/><img src=\"http://192.168.3.138:8080/Shopping/upload/image/20201222/1608606468380096209.jpg\" title=\"1608606468380096209.jpg\" alt=\"5.jpg\"/><img src=\"http://192.168.3.138:8080/Shopping/upload/image/20201222/1608606470884025764.jpg\" title=\"1608606470884025764.jpg\" alt=\"6.jpg\"/><img src=\"http://192.168.3.138:8080/Shopping/upload/image/20201222/1608606474007054804.jpg\" title=\"1608606474007054804.jpg\" alt=\"7.jpg\"/><img src=\"http://192.168.3.138:8080/Shopping/upload/image/20201222/1608606476485084821.jpg\" title=\"1608606476485084821.jpg\" alt=\"8.jpg\"/></p>', '【买一送一】棉服2020年新款女秋冬加厚宽松爆款假两件棉袄外套', null, '26800', '27800', '03005', '50', '1', '0', '0', '/resources/upload/a50cd17ca5d74f8c95d70c67f9ab1fac.jpg', '2020-12-22 11:08:06', '3', '2020-12-22 11:07:58', '3', '5'), ('1039', '乔丹男鞋运动鞋2020冬季新款aj', '63', '<ul class=\"p-parameter-list list-paddingleft-2\" style=\"list-style-type: none;\"><li><p>品牌： 乔丹</p></li><li><p>商品名称：乔丹男鞋运动鞋2020冬季新款aj官网空军一号革面透气鞋子休闲鞋潮流高帮鞋男板鞋 浅灰/生活蓝 42</p></li><li><p>商品编号：58333131909</p></li><li><p>商品毛重：500.00g</p></li><li><p>货号：XM4570501B</p></li><li><p>鞋面材质：皮革</p></li><li><p>适用季节：冬季</p></li><li><p>上市时间：2020年冬季</p></li><li><p>适用人群：男士</p></li><li><p>鞋底材质：防滑橡胶</p></li></ul><p><img src=\"http://192.168.3.138:8080/Shopping/upload/image/20201222/1608606542930072411.jpg\" title=\"1608606542930072411.jpg\" alt=\"5bc01589N7d6b3d46.jpg\"/></p>', '乔丹男鞋运动鞋2020冬季新款aj官网空军一号革面透气鞋子休闲鞋潮流高帮鞋男板鞋 浅灰/生活蓝 42', null, '15500', '16900', '08006', '20', '1', '0', '0', '/resources/upload/11ce5774967a41f6897db43d1032413c.jpg', '2020-12-22 14:06:40', '3', '2020-12-22 11:09:46', '3', null), ('1040', '百褶裙女秋冬款黑色短裙高腰a字显瘦半身裙夏季白色春tb灰色大码', '45', '<p>品牌名称：<span class=\"J_EbrandLogo\" style=\"margin: 0px; padding: 0px; color: rgb(51, 51, 51);\">Mc Mecover/米卡佛</span></p><p class=\"attr-list-hd tm-clear\" style=\"margin-top: 0px; margin-bottom: 0px; padding: 5px 20px; line-height: 22px; color: rgb(153, 153, 153); font-family: tahoma, arial, 微软雅黑, sans-serif; font-size: 12px; white-space: normal; background-color: rgb(255, 255, 255);\"><span style=\"margin: 0px; padding: 0px; font-weight: 700; float: left; font-size: 16px;\">产品参数：</span></p><ul style=\"list-style-type: none;\" class=\" list-paddingleft-2\"><li><p><br/></p></li><li><p>品牌:&nbsp;Mc Mecover/米卡佛</p></li><li><p>适用年龄:&nbsp;18-24周岁</p></li><li><p>尺码:&nbsp;XXS&nbsp;XS&nbsp;S&nbsp;M&nbsp;L&nbsp;XL&nbsp;XXL</p></li><li><p>面料:&nbsp;其他</p></li><li><p>图案:&nbsp;纯色</p></li><li><p>风格:&nbsp;百搭</p></li><li><p>腰型:&nbsp;高腰</p></li><li><p>颜色分类:&nbsp;【132元任选两件秋冬款，拍下留言颜色】&nbsp;黑色【秋冬款西装加厚】&nbsp;白色【秋冬款西装加厚】&nbsp;灰色【秋冬款西装加厚】&nbsp;灰蓝色【秋冬款西装加厚】&nbsp;粉色【秋冬款西装加厚】&nbsp;藏蓝色【秋冬款西装加厚】&nbsp;桔色【秋冬款西装加厚】&nbsp;【128元任选两件夏款，拍下留言颜色】&nbsp;黑色【夏款西装料】&nbsp;白色【夏款西装料】&nbsp;灰色【夏款西装料】&nbsp;灰蓝色【夏款西装料】&nbsp;粉色【夏款西装料】&nbsp;藏蓝色【夏款西装料】&nbsp;桔色【夏款西装料】</p></li><li><p>货号:&nbsp;MK0020</p></li><li><p>裙型:&nbsp;百褶裙</p></li><li><p>年份季节:&nbsp;2020年冬季</p></li><li><p>裙长:&nbsp;短裙</p></li><li><p>流行元素/工艺:&nbsp;抽褶</p></li><li><p>销售渠道类型:&nbsp;纯电商(只在线上销售)</p></li><li><p>廓形:&nbsp;A型</p></li><li><p>材质成分:&nbsp;聚酯纤维93.5% 聚氨酯弹性纤</p></li></ul><p><img src=\"http://192.168.3.138:8080/Shopping/upload/image/20201222/1608606639016083487.jpg\" title=\"1608606639016083487.jpg\" alt=\"1.jpg\"/><img src=\"http://192.168.3.138:8080/Shopping/upload/image/20201222/1608606641487002715.jpg\" title=\"1608606641487002715.jpg\" alt=\"2.jpg\"/><img src=\"http://192.168.3.138:8080/Shopping/upload/image/20201222/1608606643797068824.jpg\" title=\"1608606643797068824.jpg\" alt=\"3.jpg\"/><img src=\"http://192.168.3.138:8080/Shopping/upload/image/20201222/1608606646371095140.jpg\" title=\"1608606646371095140.jpg\" alt=\"4.jpg\"/><img src=\"http://192.168.3.138:8080/Shopping/upload/image/20201222/1608606651446048473.jpg\" title=\"1608606651446048473.jpg\" alt=\"5.jpg\"/><img src=\"http://192.168.3.138:8080/Shopping/upload/image/20201222/1608606654265023491.jpg\" title=\"1608606654265023491.jpg\" alt=\"6.jpg\"/><img src=\"http://192.168.3.138:8080/Shopping/upload/image/20201222/1608606656930065546.jpg\" title=\"1608606656930065546.jpg\" alt=\"7.jpg\"/><img src=\"http://192.168.3.138:8080/Shopping/upload/image/20201222/1608606659989065871.jpg\" title=\"1608606659989065871.jpg\" alt=\"8.jpg\"/><img src=\"http://192.168.3.138:8080/Shopping/upload/image/20201222/1608606662630008847.jpg\" title=\"1608606662630008847.jpg\" alt=\"9.jpg\"/><img src=\"http://192.168.3.138:8080/Shopping/upload/image/20201222/1608606665094073108.jpg\" title=\"1608606665094073108.jpg\" alt=\"10.jpg\"/></p><p><br/></p><p><br/></p>', '百褶裙女秋冬款黑色短裙高腰a字显瘦半身裙夏季白色春tb灰色大码', null, '6000', '6100', '03006', '50', '1', '0', '0', '/resources/upload/c9aea1f08c874dfd8eb076c351f3ad69.jpg', '2020-12-22 11:11:07', '3', '2020-12-22 11:11:07', '3', '6'), ('1041', '花花公子高帮男鞋冬季男士棉鞋', '63', '<ul class=\"p-parameter-list list-paddingleft-2\" style=\"list-style-type: none;\"><li><p>品牌： 花花公子</p></li><li><p>商品名称：花花公子（PLAYBOY）PL821002-1</p></li><li><p>商品编号：10025491698895</p></li><li><p>店铺：花花公子旗舰店</p></li><li><p>商品毛重：500.00g</p></li><li><p>货号：PL821002-1</p></li><li><p>鞋面材质：超纤</p></li><li><p>适用季节：冬季</p></li></ul><p><img src=\"http://192.168.3.138:8080/Shopping/upload/image/20201222/1608606764893034335.jpg\" title=\"1608606764893034335.jpg\" alt=\"b9b58719055f112d.jpg\"/></p>', '花花公子高帮男鞋冬季男士棉鞋加绒鞋加厚保暖鞋子男休闲鞋小白鞋中帮运动板鞋秋冬新品韩版潮流潮鞋潮牌鞋靴 白/黑（高帮单鞋） 41', null, '12300', '14300', '08007', '20', '1', '0', '0', '/resources/upload/a1237e543dcf4aa78014df6c3f325992.jpg', '2020-12-22 11:12:47', '3', '2020-12-22 11:12:47', '3', null), ('1042', 'Helen TB Thom 三色织带羊羔毛绒男女同款连帽外套', '45', '<ul class=\"attributes-list list-paddingleft-2\" style=\"list-style-type: none;\"><li><p>尺码:&nbsp;0 1 2 3 4 5</p></li><li><p>颜色分类:&nbsp;白色</p></li><li><p>年份季节:&nbsp;2020年冬季 2020年秋季</p></li></ul><p><img src=\"http://192.168.3.138:8080/Shopping/upload/image/20201222/1608606820531047398.jpg\" title=\"1608606820531047398.jpg\" alt=\"100000.jpg\"/><img src=\"http://192.168.3.138:8080/Shopping/upload/image/20201222/1608606823192084859.png\" title=\"1608606823192084859.png\" alt=\"1.png\"/><img src=\"http://192.168.3.138:8080/Shopping/upload/image/20201222/1608606826326015465.png\" title=\"1608606826326015465.png\" alt=\"2.png\"/><img src=\"http://192.168.3.138:8080/Shopping/upload/image/20201222/1608606829650034287.png\" title=\"1608606829650034287.png\" alt=\"3.png\"/></p>', 'Helen TB Thom 三色织带羊羔毛绒男女同款连帽外套', null, '45900', '47300', '03007', '50', '1', '0', '0', '/resources/upload/f072aa904caf4a76bf90023a63a89171.jpg', '2020-12-22 11:13:51', '3', '2020-12-22 11:13:51', '3', '7'), ('1043', '阳光名店白色打底毛衣女ins潮长袖2020年新款秋冬学院风百搭上衣', '45', '<ul class=\"attributes-list list-paddingleft-2\" style=\"list-style-type: none;\"><li><p>品牌:&nbsp;SUNORSHOP</p></li><li><p>适用年龄:&nbsp;18-24周岁</p></li><li><p>功能性:&nbsp;保暖发热</p></li><li><p>材质:&nbsp;羊绒</p></li><li><p>尺码:&nbsp;均码</p></li><li><p>面料:&nbsp;粘胶</p></li><li><p>图案:&nbsp;纯色</p></li><li><p>风格:&nbsp;通勤</p></li><li><p>领子:&nbsp;V领</p></li><li><p>毛线粗细:&nbsp;常规毛线</p></li><li><p>颜色分类:&nbsp;白色</p></li><li><p>袖型:&nbsp;常规</p></li><li><p>组合形式:&nbsp;单件</p></li><li><p>货号:&nbsp;M11253</p></li><li><p>面料主材质含量:&nbsp;95%及以上</p></li><li><p>年份/季节:&nbsp;2020年冬季</p></li><li><p>袖长:&nbsp;长袖</p></li><li><p>款式:&nbsp;套头</p></li><li><p>厚薄:&nbsp;常规款</p></li></ul><p><img src=\"http://192.168.3.138:8080/Shopping/upload/image/20201222/1608606940702021270.jpg\" title=\"1608606940702021270.jpg\" alt=\"1.jpg\"/><img src=\"http://192.168.3.138:8080/Shopping/upload/image/20201222/1608606944742049482.jpg\" title=\"1608606944742049482.jpg\" alt=\"2.jpg\"/><img src=\"http://192.168.3.138:8080/Shopping/upload/image/20201222/1608606950019082150.jpg\" title=\"1608606950019082150.jpg\" alt=\"3.jpg\"/><img src=\"http://192.168.3.138:8080/Shopping/upload/image/20201222/1608606952394058962.jpg\" title=\"1608606952394058962.jpg\" alt=\"4.jpg\"/><img src=\"http://192.168.3.138:8080/Shopping/upload/image/20201222/1608606955120049219.jpg\" title=\"1608606955120049219.jpg\" alt=\"5.jpg\"/><img src=\"http://192.168.3.138:8080/Shopping/upload/image/20201222/1608606957494040625.jpg\" title=\"1608606957494040625.jpg\" alt=\"6.jpg\"/><img src=\"http://192.168.3.138:8080/Shopping/upload/image/20201222/1608606959650087992.jpg\" title=\"1608606959650087992.jpg\" alt=\"7.jpg\"/><img src=\"http://192.168.3.138:8080/Shopping/upload/image/20201222/1608606961773092589.jpg\" title=\"1608606961773092589.jpg\" alt=\"8.jpg\"/><img src=\"http://192.168.3.138:8080/Shopping/upload/image/20201222/1608606964295048386.jpg\" title=\"1608606964295048386.jpg\" alt=\"9.jpg\"/><img src=\"http://192.168.3.138:8080/Shopping/upload/image/20201222/1608606966999030962.jpg\" title=\"1608606966999030962.jpg\" alt=\"10.jpg\"/></p>', '阳光名店白色打底毛衣女ins潮长袖2020年新款秋冬学院风百搭上衣', null, '21900', '23900', '03008', '50', '1', '0', '0', '/resources/upload/45217419ae6d4a77ac08d76087f620ce.jpg', '2020-12-22 11:16:08', '3', '2020-12-22 11:16:08', '3', '8'), ('1044', '鸡腿', '31', '<ul class=\"p-parameter-list list-paddingleft-2\" style=\"list-style-type: none;\"><li><p>品牌：CP</p></li><li><p>商品名称：CP单冻琵琶腿</p></li><li><p>商品编号：6019833</p></li><li><p>商品毛重：1.03kg</p></li><li><p>商品产地：北京</p></li><li><p>品种：白羽鸡</p></li><li><p>类别：鸡腿</p></li><li><p>包装：简装</p></li></ul><p><img src=\"http://192.168.3.138:8080/Shopping/upload/image/20201222/1608606982284024632.jpg\" title=\"1608606982284024632.jpg\" alt=\"72cf4ee770b5dd9d.jpg\"/></p>', '凤祥食品 生鸡琵琶腿1kg 出口日本欧盟级 鸡大腿烤鸡腿炸鸡腿肉卤鸡腿卤味食材', null, '3900', '4500', '09001', '20', '1', '0', '0', '/resources/upload/539bbcce61a0406f8b45dd6aa42e19d1.jpg', '2020-12-22 11:48:56', '3', '2020-12-22 11:16:24', '3', null), ('1045', '儿童保暖内衣套装纯棉加厚男童女童秋衣秋裤宝宝打底棉毛衫秋冬款', '46', '<p>品牌名称：<span class=\"J_EbrandLogo\" style=\"margin: 0px; padding: 0px; color: rgb(51, 51, 51);\">SHANBAOMAY/上宝麦</span></p><p class=\"attr-list-hd tm-clear\" style=\"margin-top: 0px; margin-bottom: 0px; padding: 5px 20px; line-height: 22px; color: rgb(153, 153, 153); font-family: tahoma, arial, 微软雅黑, sans-serif; font-size: 12px; white-space: normal; background-color: rgb(255, 255, 255);\"><span style=\"margin: 0px; padding: 0px; font-weight: 700; float: left; font-size: 16px;\">产品参数：</span></p><ul style=\"list-style-type: none;\" class=\" list-paddingleft-2\"><li><p><br/></p></li><li><p>货号:&nbsp;M2001</p></li><li><p>品牌:&nbsp;SHANBAOMAY/上宝麦</p></li><li><p>内衣质地:&nbsp;棉</p></li><li><p>适合季节:&nbsp;冬季</p></li><li><p>功能:&nbsp;保暖&nbsp;吸湿排汗&nbsp;居家</p></li><li><p>适用性别:&nbsp;中性</p></li><li><p>内裤适用年龄:&nbsp;11-13周岁&nbsp;13周岁以上&nbsp;1-3周岁&nbsp;3-5周岁&nbsp;5-7周岁&nbsp;7-9周岁&nbsp;9-11周岁</p></li><li><p>安全等级:&nbsp;其他</p></li><li><p>颜色分类:&nbsp;M2活泼蓝&nbsp;M2优雅灰&nbsp;M2热情橙&nbsp;M2浅果绿&nbsp;M03黄小猫咪&nbsp;M02灰小象&nbsp;M05蓝小鲸鱼&nbsp;M2纯真白&nbsp;M06粉公主&nbsp;M2淑女粉&nbsp;M2水嫩黄</p></li><li><p>参考身高:&nbsp;80码约身高65cm&nbsp;90码约身高75cm&nbsp;100码约身高85cm&nbsp;110码约身高95cm&nbsp;120码约身高105cm&nbsp;130码约身高115cm&nbsp;140码约身高125cm&nbsp;150码约身高135cm&nbsp;155码约身高145cm&nbsp;160码约身高150cm&nbsp;165码约身高155cm&nbsp;170码约身高160cm</p></li><li><p>材质成分:&nbsp;棉95% 聚氨酯弹性纤维(氨纶</p></li></ul><p><img src=\"http://192.168.3.138:8080/Shopping/upload/image/20201222/1608607095914015067.jpg\" title=\"1608607095914015067.jpg\" alt=\"1.jpg\"/><img src=\"http://192.168.3.138:8080/Shopping/upload/image/20201222/1608607099659046408.jpg\" title=\"1608607099659046408.jpg\" alt=\"2.jpg\"/><img src=\"http://192.168.3.138:8080/Shopping/upload/image/20201222/1608607104371079403.jpg\" title=\"1608607104371079403.jpg\" alt=\"3.jpg\"/><img src=\"http://192.168.3.138:8080/Shopping/upload/image/20201222/1608607107161017773.jpg\" title=\"1608607107161017773.jpg\" alt=\"4.jpg\"/><img src=\"http://192.168.3.138:8080/Shopping/upload/image/20201222/1608607110405056782.jpg\" title=\"1608607110405056782.jpg\" alt=\"5.jpg\"/><img src=\"http://192.168.3.138:8080/Shopping/upload/image/20201222/1608607115340049242.jpg\" title=\"1608607115340049242.jpg\" alt=\"6.jpg\"/></p>', '儿童保暖内衣套装纯棉加厚男童女童秋衣秋裤宝宝打底棉毛衫秋冬款', null, '5900', '6900', '04001', '50', '1', '0', '0', '/resources/upload/145ad216b273420cb3be35f59f520507.jpg', '2020-12-22 11:18:37', '3', '2020-12-22 11:18:37', '3', '1'), ('1046', '正宗德州五香扒鸡500g ', '31', '<ul class=\"p-parameter-list list-paddingleft-2\" style=\"list-style-type: none;\"><li><p>品牌：脱骨烧鸡<a href=\"https://list.jd.com/list.html?cat=1320,1583,13757&tid=17727&ev=exbrand_392355\" target=\"_blank\" style=\"margin: 0px; padding: 0px; color: rgb(94, 105, 173); text-decoration-line: none;\"></a></p></li><li><p>商品名称：【买一送一】正宗德州五香扒鸡500g 即食脱骨烧鸡 山东特产 卤味鸡肉熟食 袋装德州五香脱骨扒鸡德州</p></li><li><p>商品编号：41526880323</p></li><li><p>店铺：特产</p></li><li><p>商品毛重：0.6kg</p></li><li><p>商品产地：中国大陆</p></li><li><p>包装：袋装</p></li></ul><p><img src=\"http://192.168.3.138:8080/Shopping/upload/image/20201222/1608607084346066283.png\" title=\"1608607084346066283.png\" alt=\"886c24229315517b.png\"/></p>', '【买一送一】正宗德州五香扒鸡500g 即食脱骨烧鸡 山东特产 卤味鸡肉熟食 袋装德州五香脱骨扒鸡德州', null, '2100', '3100', '09002', '20', '1', '0', '0', '/resources/upload/f0d6aa65a87c4ecea42b277287366d23.png', '2020-12-22 11:19:19', '3', '2020-12-22 11:19:19', '3', null), ('1047', '潮牌女童水貂绒毛衣港风中大童新款秋冬洋气儿童装女孩针织打底衫', '46', '<ul class=\"attributes-list list-paddingleft-2\" style=\"list-style-type: none;\"><li><p>品牌:&nbsp;other/其他</p></li><li><p>适用年龄:&nbsp;3岁 4岁 5岁 6岁 7岁 8岁 9岁 10岁 11岁 12岁 13岁 14岁</p></li><li><p>针织面料:&nbsp;其他</p></li><li><p>图案:&nbsp;其他</p></li><li><p>风格:&nbsp;休闲</p></li><li><p>领型:&nbsp;圆领</p></li><li><p>产地:&nbsp;中国大陆</p></li><li><p>适用性别:&nbsp;女</p></li><li><p>模特实拍:&nbsp;实拍有模特</p></li><li><p>衣门襟:&nbsp;套头</p></li><li><p>毛线粗细:&nbsp;普通毛线</p></li><li><p>是否带帽子:&nbsp;无</p></li><li><p>颜色分类:&nbsp;米白色 卡其色 加绒米白 加绒卡其</p></li><li><p>货号:&nbsp;MY109</p></li><li><p>参考身高:&nbsp;110cm 120cm 130cm 140cm 150cm 160cm</p></li><li><p>厚薄:&nbsp;加厚</p></li><li><p>安全等级:&nbsp;B类</p></li><li><p>材质成分:&nbsp;其他100%</p></li></ul><p><img src=\"http://192.168.3.138:8080/Shopping/upload/image/20201222/1608607238414051768.jpg\" title=\"1608607238414051768.jpg\" alt=\"1.jpg\"/><img src=\"http://192.168.3.138:8080/Shopping/upload/image/20201222/1608607240677083181.jpg\" title=\"1608607240677083181.jpg\" alt=\"2.jpg\"/><img src=\"http://192.168.3.138:8080/Shopping/upload/image/20201222/1608607243601017409.jpg\" title=\"1608607243601017409.jpg\" alt=\"3.jpg\"/><img src=\"http://192.168.3.138:8080/Shopping/upload/image/20201222/1608607245960026905.jpg\" title=\"1608607245960026905.jpg\" alt=\"4.jpg\"/></p>', '潮牌女童水貂绒毛衣港风中大童新款秋冬洋气儿童装女孩针织打底衫', null, '27800', '28800', '04002', '50', '1', '0', '0', '/resources/upload/c70169e226294990926307580c6a7a03.jpg', '2020-12-22 11:20:56', '3', '2020-12-22 11:20:56', '3', '2'), ('1048', '奥特曼衣服童装男童羽绒棉服中长款冬装2020新款中大儿童棉袄洋气', '46', '<p>品牌名称：<span class=\"J_EbrandLogo\" style=\"margin: 0px; padding: 0px; color: rgb(51, 51, 51);\">最最</span></p><p class=\"attr-list-hd tm-clear\" style=\"margin-top: 0px; margin-bottom: 0px; padding: 5px 20px; line-height: 22px; color: rgb(153, 153, 153); font-family: tahoma, arial, 微软雅黑, sans-serif; font-size: 12px; white-space: normal; background-color: rgb(255, 255, 255);\"><span style=\"margin: 0px; padding: 0px; font-weight: 700; float: left; font-size: 16px;\">产品参数：</span></p><ul style=\"list-style-type: none;\" class=\" list-paddingleft-2\"><li><p><br/></p></li><li><p>品牌:&nbsp;最最</p></li><li><p>适用年龄:&nbsp;3岁&nbsp;4岁&nbsp;5岁&nbsp;6岁&nbsp;7岁&nbsp;8岁&nbsp;9岁&nbsp;10岁&nbsp;11岁&nbsp;12岁&nbsp;13岁</p></li><li><p>图案:&nbsp;纯色</p></li><li><p>风格:&nbsp;休闲</p></li><li><p>领型:&nbsp;高领</p></li><li><p>产地:&nbsp;中国大陆</p></li><li><p>适用性别:&nbsp;男</p></li><li><p>模特实拍:&nbsp;实拍有模特</p></li><li><p>衣门襟:&nbsp;拉链衫</p></li><li><p>是否带帽子:&nbsp;有帽不可拆</p></li><li><p>颜色分类:&nbsp;奥特曼正版-牛仔蓝&nbsp;奥特曼正版-红色&nbsp;奥特曼正版-黄色&nbsp;奥特曼正版-黑色159&nbsp;奥特曼正版-湖绿159&nbsp;奥特曼正版-黑色257&nbsp;翅膀-银色257&nbsp;翅膀-蓝色257</p></li><li><p>填充物:&nbsp;其他</p></li><li><p>货号:&nbsp;ZZ-UBY04111</p></li><li><p>内胆类型:&nbsp;棉内胆</p></li><li><p>参考身高:&nbsp;110cm&nbsp;120cm&nbsp;130cm&nbsp;140cm&nbsp;150cm&nbsp;160cm</p></li><li><p>适用季节:&nbsp;冬季</p></li><li><p>上市年份季节:&nbsp;2020年冬季</p></li><li><p>厚薄:&nbsp;加厚</p></li><li><p>安全等级:&nbsp;C类</p></li><li><p>材质成分:&nbsp;其他100%</p></li><li><p>里料材质成分:&nbsp;其他100%</p></li></ul><p><img src=\"http://192.168.3.138:8080/Shopping/upload/image/20201222/1608607379370064593.jpg\" title=\"1608607379370064593.jpg\" alt=\"1.jpg\"/><img src=\"http://192.168.3.138:8080/Shopping/upload/image/20201222/1608607383072074340.jpg\" title=\"1608607383072074340.jpg\" alt=\"2.jpg\"/><img src=\"http://192.168.3.138:8080/Shopping/upload/image/20201222/1608607385418005154.jpg\" title=\"1608607385418005154.jpg\" alt=\"3.jpg\"/><img src=\"http://192.168.3.138:8080/Shopping/upload/image/20201222/1608607387835052481.jpg\" title=\"1608607387835052481.jpg\" alt=\"4.jpg\"/><img src=\"http://192.168.3.138:8080/Shopping/upload/image/20201222/1608607389933092511.jpg\" title=\"1608607389933092511.jpg\" alt=\"5.jpg\"/><img src=\"http://192.168.3.138:8080/Shopping/upload/image/20201222/1608607396437058131.jpg\" title=\"1608607396437058131.jpg\" alt=\"7.jpg\"/></p>', '奥特曼衣服童装男童羽绒棉服中长款冬装2020新款中大儿童棉袄洋气', null, '14900', '15900', '04003', '50', '1', '0', '0', '/resources/upload/e190050613be487b829ded9971b7abc1.jpg', '2020-12-22 11:23:52', '3', '2020-12-22 11:23:23', '3', '3'), ('1049', '波司登童装2020新款时尚两面穿轻薄款男女儿童羽绒服T00131007', '46', '<p>品牌名称：<span class=\"J_EbrandLogo\" style=\"margin: 0px; padding: 0px; color: rgb(51, 51, 51);\">Bosideng/波司登</span></p><p class=\"attr-list-hd tm-clear\" style=\"margin-top: 0px; margin-bottom: 0px; padding: 5px 20px; line-height: 22px; color: rgb(153, 153, 153); font-family: tahoma, arial, 微软雅黑, sans-serif; font-size: 12px; white-space: normal; background-color: rgb(255, 255, 255);\"><span style=\"margin: 0px; padding: 0px; font-weight: 700; float: left; font-size: 16px;\">产品参数：</span></p><ul style=\"list-style-type: none;\" class=\" list-paddingleft-2\"><li><p><br/></p></li><li><p>品牌:&nbsp;Bosideng/波司登</p></li><li><p>适用年龄:&nbsp;2岁&nbsp;3岁&nbsp;4岁&nbsp;5岁&nbsp;6岁&nbsp;7岁&nbsp;8岁&nbsp;9岁&nbsp;10岁&nbsp;11岁&nbsp;12岁&nbsp;13岁</p></li><li><p>面料:&nbsp;聚酯纤维</p></li><li><p>适用性别:&nbsp;儿童</p></li><li><p>衣门襟:&nbsp;拉链衫</p></li><li><p>颜色分类:&nbsp;淡丁香紫 黑粉迷彩611B&nbsp;黑藏蓝 青灰迷彩523G&nbsp;春芽绿 亮绿迷彩402U&nbsp;黑色 黑点线迷彩80IP&nbsp;静谧灰 深灰线条迷彩821Y</p></li><li><p>填充物:&nbsp;白鸭绒</p></li><li><p>货号:&nbsp;T00131007</p></li><li><p>参考身高:&nbsp;80/48&nbsp;90/52&nbsp;100/56&nbsp;110/56&nbsp;120/60&nbsp;130/64&nbsp;140/64&nbsp;150/72&nbsp;160/80</p></li><li><p>上市年份季节:&nbsp;2020年秋季</p></li><li><p>含绒量:&nbsp;90%</p></li></ul><p><img src=\"http://192.168.3.138:8080/Shopping/upload/image/20201222/1608607554332007879.jpg\" title=\"1608607554332007879.jpg\" alt=\"1.jpg\"/><img src=\"http://192.168.3.138:8080/Shopping/upload/image/20201222/1608607557072054655.png\" title=\"1608607557072054655.png\" alt=\"2.png\"/><img src=\"http://192.168.3.138:8080/Shopping/upload/image/20201222/1608607560072075763.jpg\" title=\"1608607560072075763.jpg\" alt=\"3.jpg\"/><img src=\"http://192.168.3.138:8080/Shopping/upload/image/20201222/1608607562263007308.jpg\" title=\"1608607562263007308.jpg\" alt=\"4.jpg\"/><img src=\"http://192.168.3.138:8080/Shopping/upload/image/20201222/1608607564669085739.jpg\" title=\"1608607564669085739.jpg\" alt=\"6.jpg\"/><img src=\"http://192.168.3.138:8080/Shopping/upload/image/20201222/1608607566760044008.jpg\" title=\"1608607566760044008.jpg\" alt=\"7.jpg\"/><img src=\"http://192.168.3.138:8080/Shopping/upload/image/20201222/1608607569308027243.jpg\" title=\"1608607569308027243.jpg\" alt=\"8.jpg\"/></p>', '波司登童装2020新款时尚两面穿轻薄款男女儿童羽绒服T00131007', null, '34900', '35900', '04004', '50', '1', '0', '0', '/resources/upload/b7c0f2ac01f842b69c3b45e1b50b9d27.jpg', '2020-12-22 11:26:11', '3', '2020-12-22 11:26:11', '3', '4'), ('1050', '女童羽绒服中长款2020洋气中大童新款亮面儿童羽绒服加厚冬装外套', '46', '<p>品牌名称：<span class=\"J_EbrandLogo\" style=\"margin: 0px; padding: 0px; color: rgb(51, 51, 51);\">G．X．F</span></p><p class=\"attr-list-hd tm-clear\" style=\"margin-top: 0px; margin-bottom: 0px; padding: 5px 20px; line-height: 22px; color: rgb(153, 153, 153); font-family: tahoma, arial, 微软雅黑, sans-serif; font-size: 12px; white-space: normal; background-color: rgb(255, 255, 255);\"><span style=\"margin: 0px; padding: 0px; font-weight: 700; float: left; font-size: 16px;\">产品参数：</span></p><ul style=\"list-style-type: none;\" class=\" list-paddingleft-2\"><li><p><br/></p></li><li><p>品牌:&nbsp;G．X．F</p></li><li><p>适用年龄:&nbsp;4岁&nbsp;5岁&nbsp;6岁&nbsp;7岁&nbsp;8岁&nbsp;9岁&nbsp;10岁&nbsp;11岁&nbsp;12岁&nbsp;13岁&nbsp;14岁</p></li><li><p>面料:&nbsp;聚酯纤维</p></li><li><p>图案:&nbsp;其他</p></li><li><p>风格:&nbsp;韩版</p></li><li><p>产地:&nbsp;中国大陆</p></li><li><p>适用性别:&nbsp;儿童</p></li><li><p>衣门襟:&nbsp;拉链衫</p></li><li><p>是否带帽子:&nbsp;有帽不可拆</p></li><li><p>颜色分类:&nbsp;奶白色&nbsp;粉红色&nbsp;浅紫色</p></li><li><p>填充物:&nbsp;白鸭绒</p></li><li><p>货号:&nbsp;2030</p></li><li><p>参考身高:&nbsp;120cm&nbsp;130cm&nbsp;140cm&nbsp;150cm&nbsp;160cm</p></li><li><p>上市年份季节:&nbsp;2020年冬季</p></li><li><p>衣长:&nbsp;中长款</p></li><li><p>安全等级:&nbsp;C类</p></li><li><p>含绒量:&nbsp;90%</p></li></ul><p><img src=\"http://192.168.3.138:8080/Shopping/upload/image/20201222/1608607683385021590.jpg\" title=\"1608607683385021590.jpg\" alt=\"1.jpg\"/><img src=\"http://192.168.3.138:8080/Shopping/upload/image/20201222/1608607686071011059.jpg\" title=\"1608607686071011059.jpg\" alt=\"2.jpg\"/><img src=\"http://192.168.3.138:8080/Shopping/upload/image/20201222/1608607688779090658.jpg\" title=\"1608607688779090658.jpg\" alt=\"3.jpg\"/><img src=\"http://192.168.3.138:8080/Shopping/upload/image/20201222/1608607691872046677.jpg\" title=\"1608607691872046677.jpg\" alt=\"4.jpg\"/><img src=\"http://192.168.3.138:8080/Shopping/upload/image/20201222/1608607694059044796.jpg\" title=\"1608607694059044796.jpg\" alt=\"5.jpg\"/><img src=\"http://192.168.3.138:8080/Shopping/upload/image/20201222/1608607697243048582.jpg\" title=\"1608607697243048582.jpg\" alt=\"6.jpg\"/><img src=\"http://192.168.3.138:8080/Shopping/upload/image/20201222/1608607699606081200.jpg\" title=\"1608607699606081200.jpg\" alt=\"7.jpg\"/></p>', '女童羽绒服中长款2020洋气中大童新款亮面儿童羽绒服加厚冬装外套', null, '31800', '32800', '04005', '50', '1', '0', '0', '/resources/upload/b7ed12d57b0e402781fc98abe336d07a.jpg', '2020-12-22 11:28:21', '3', '2020-12-22 11:28:21', '3', '5'), ('1051', '童装羽绒服中长款连帽新品男童保暖冬装羽绒袄中大童加厚羽绒外套', '46', '<p>品牌名称：<span class=\"J_EbrandLogo\" style=\"margin: 0px; padding: 0px; color: rgb(51, 51, 51);\">猪兔子</span></p><p class=\"attr-list-hd tm-clear\" style=\"margin-top: 0px; margin-bottom: 0px; padding: 5px 20px; line-height: 22px; color: rgb(153, 153, 153); font-family: tahoma, arial, 微软雅黑, sans-serif; font-size: 12px; white-space: normal; background-color: rgb(255, 255, 255);\"><span style=\"margin: 0px; padding: 0px; font-weight: 700; float: left; font-size: 16px;\">产品参数：</span></p><ul style=\"list-style-type: none;\" class=\" list-paddingleft-2\"><li><p><br/></p></li><li><p>品牌:&nbsp;猪兔子</p></li><li><p>适用年龄:&nbsp;3岁&nbsp;4岁&nbsp;5岁&nbsp;6岁&nbsp;7岁&nbsp;8岁&nbsp;9岁&nbsp;10岁&nbsp;11岁&nbsp;12岁</p></li><li><p>面料:&nbsp;锦纶</p></li><li><p>适用性别:&nbsp;儿童&nbsp;女&nbsp;男</p></li><li><p>衣门襟:&nbsp;拉链衫</p></li><li><p>是否带帽子:&nbsp;有帽可拆</p></li><li><p>颜色分类:&nbsp;炫光银&nbsp;经典蓝&nbsp;炫酷黑</p></li><li><p>填充物:&nbsp;白鸭绒</p></li><li><p>货号:&nbsp;19102</p></li><li><p>参考身高:&nbsp;110cm&nbsp;120cm&nbsp;130cm&nbsp;140cm&nbsp;150cm</p></li><li><p>上市年份季节:&nbsp;2019年冬季</p></li><li><p>衣长:&nbsp;中长款</p></li><li><p>安全等级:&nbsp;C类</p></li><li><p>含绒量:&nbsp;90%</p></li><li><p>材质成分:&nbsp;聚酯纤维100%</p></li><li><p>里料材质成分:&nbsp;聚酯纤维100%</p></li></ul><p><img src=\"http://192.168.3.138:8080/Shopping/upload/image/20201222/1608607817193074788.jpg\" title=\"1608607817193074788.jpg\" alt=\"1.jpg\"/><img src=\"http://192.168.3.138:8080/Shopping/upload/image/20201222/1608607819353059311.jpg\" title=\"1608607819353059311.jpg\" alt=\"2.jpg\"/><img src=\"http://192.168.3.138:8080/Shopping/upload/image/20201222/1608607822087086935.jpg\" title=\"1608607822087086935.jpg\" alt=\"3.jpg\"/><img src=\"http://192.168.3.138:8080/Shopping/upload/image/20201222/1608607824629081568.jpg\" title=\"1608607824629081568.jpg\" alt=\"4.jpg\"/><img src=\"http://192.168.3.138:8080/Shopping/upload/image/20201222/1608607826886035452.jpg\" title=\"1608607826886035452.jpg\" alt=\"5.jpg\"/><img src=\"http://192.168.3.138:8080/Shopping/upload/image/20201222/1608607830018036169.jpg\" title=\"1608607830018036169.jpg\" alt=\"6.jpg\"/><img src=\"http://192.168.3.138:8080/Shopping/upload/image/20201222/1608607832708015562.jpg\" title=\"1608607832708015562.jpg\" alt=\"7.jpg\"/></p>', '童装羽绒服中长款连帽新品男童保暖冬装羽绒袄中大童加厚羽绒外套', null, '23900', '24900', '04006', '50', '1', '0', '0', '/resources/upload/f0e8ae9901c841e6a4b503dca206643f.jpg', '2020-12-22 11:30:45', '3', '2020-12-22 11:30:45', '3', '6'), ('1052', '2020新款儿童羽绒服女童中长款中大童宝宝冬装外套加厚韩版洋气潮', '46', '<ul class=\"attributes-list list-paddingleft-2\" style=\"list-style-type: none;\"><li><p>品牌:&nbsp;猪九戒</p></li><li><p>适用年龄:&nbsp;3岁 4岁 5岁 6岁 7岁 8岁 9岁 10岁 11岁 12岁 13岁 14岁</p></li><li><p>面料:&nbsp;聚酯纤维</p></li><li><p>图案:&nbsp;碎花</p></li><li><p>风格:&nbsp;公主</p></li><li><p>适用性别:&nbsp;儿童 女</p></li><li><p>衣门襟:&nbsp;拉链衫</p></li><li><p>是否带帽子:&nbsp;有帽不可拆</p></li><li><p>颜色分类:&nbsp;白色 紫色 粉色 水蓝色</p></li><li><p>填充物:&nbsp;白鸭绒</p></li><li><p>货号:&nbsp;8810皇冠</p></li><li><p>参考身高:&nbsp;衣服宽松，按身高购买 90cm 100cm 110cm 120cm 130cm 140cm 150cm 160cm 170cm</p></li><li><p>衣长:&nbsp;中长款</p></li><li><p>安全等级:&nbsp;C类</p></li><li><p>含绒量:&nbsp;90%</p></li><li><p>材质成分:&nbsp;聚酯纤维100%</p></li><li><p>里料材质成分:&nbsp;聚酯纤维100%</p></li></ul><p><img src=\"http://192.168.3.138:8080/Shopping/upload/image/20201222/1608607975564035559.jpg\" title=\"1608607975564035559.jpg\" alt=\"1.jpg\"/><img src=\"http://192.168.3.138:8080/Shopping/upload/image/20201222/1608607978041010325.jpg\" title=\"1608607978041010325.jpg\" alt=\"2.jpg\"/><img src=\"http://192.168.3.138:8080/Shopping/upload/image/20201222/1608607980868056324.jpg\" title=\"1608607980868056324.jpg\" alt=\"3.jpg\"/><img src=\"http://192.168.3.138:8080/Shopping/upload/image/20201222/1608607983370035436.jpg\" title=\"1608607983370035436.jpg\" alt=\"5.jpg\"/><img src=\"http://192.168.3.138:8080/Shopping/upload/image/20201222/1608607985915036303.jpg\" title=\"1608607985915036303.jpg\" alt=\"6.jpg\"/><img src=\"http://192.168.3.138:8080/Shopping/upload/image/20201222/1608607990248027162.jpg\" title=\"1608607990248027162.jpg\" alt=\"7.jpg\"/><img src=\"http://192.168.3.138:8080/Shopping/upload/image/20201222/1608607993307012896.jpg\" title=\"1608607993307012896.jpg\" alt=\"8.jpg\"/></p>', '2020新款儿童羽绒服女童中长款中大童宝宝冬装外套加厚韩版洋气潮', null, '18900', '19900', '04007', '50', '1', '0', '0', '/resources/upload/4b1726aace9b4b788fe56c023120b4bb.jpg', '2020-12-22 11:33:27', '3', '2020-12-22 11:33:27', '3', '7'), ('1053', '儿童汉服女童超仙中国风唐装冬季加绒棉袄冬装加厚古装裙子秋冬款', '46', '<p>品牌名称：<span class=\"J_EbrandLogo\" style=\"margin: 0px; padding: 0px; color: rgb(51, 51, 51);\">Anneyol/安妮优儿</span></p><p class=\"attr-list-hd tm-clear\" style=\"margin-top: 0px; margin-bottom: 0px; padding: 5px 20px; line-height: 22px; color: rgb(153, 153, 153); font-family: tahoma, arial, 微软雅黑, sans-serif; font-size: 12px; white-space: normal; background-color: rgb(255, 255, 255);\"><span style=\"margin: 0px; padding: 0px; font-weight: 700; float: left; font-size: 16px;\">产品参数：</span></p><ul style=\"list-style-type: none;\" class=\" list-paddingleft-2\"><li><p><br/></p></li><li><p>品牌:&nbsp;Anneyol/安妮优儿</p></li><li><p>适用年龄:&nbsp;3岁&nbsp;4岁&nbsp;5岁&nbsp;6岁&nbsp;7岁&nbsp;8岁&nbsp;9岁&nbsp;10岁&nbsp;11岁&nbsp;12岁&nbsp;13岁&nbsp;14岁</p></li><li><p>面料:&nbsp;其他</p></li><li><p>图案:&nbsp;碎花</p></li><li><p>产地:&nbsp;中国大陆</p></li><li><p>省份:&nbsp;广东省</p></li><li><p>适用性别:&nbsp;女</p></li><li><p>模特实拍:&nbsp;实拍有模特</p></li><li><p>颜色分类:&nbsp;9956虾粉色加绒【送粉色流苏】&nbsp;9956红色加绒【送红色流苏】&nbsp;9957香槟色加绒【送粉色流苏】&nbsp;9957红色加绒【送红色流苏】&nbsp;9957粉色加绒【送粉色流苏】&nbsp;8904虾粉色加绒【送粉色流苏】</p></li><li><p>货号:&nbsp;9956</p></li><li><p>参考身高:&nbsp;110&nbsp;120&nbsp;130&nbsp;140&nbsp;150&nbsp;160</p></li><li><p>适用季节:&nbsp;冬季</p></li><li><p>上市年份季节:&nbsp;2020年秋季</p></li><li><p>厚薄:&nbsp;加厚</p></li><li><p>安全等级:&nbsp;B类</p></li><li><p>材质成分:&nbsp;其他100%</p></li></ul><p><img src=\"http://192.168.3.138:8080/Shopping/upload/image/20201222/1608608227604040312.jpg\" title=\"1608608227604040312.jpg\" alt=\"3.jpg\"/><img src=\"http://192.168.3.138:8080/Shopping/upload/image/20201222/1608608230002029138.jpg\" title=\"1608608230002029138.jpg\" alt=\"4.jpg\"/><img src=\"http://192.168.3.138:8080/Shopping/upload/image/20201222/1608608233058064504.jpg\" title=\"1608608233058064504.jpg\" alt=\"5.jpg\"/><img src=\"http://192.168.3.138:8080/Shopping/upload/image/20201222/1608608235548039933.jpg\" title=\"1608608235548039933.jpg\" alt=\"6.jpg\"/><img src=\"http://192.168.3.138:8080/Shopping/upload/image/20201222/1608608238170006941.jpg\" title=\"1608608238170006941.jpg\" alt=\"7.jpg\"/><img src=\"http://192.168.3.138:8080/Shopping/upload/image/20201222/1608608240393051902.jpg\" title=\"1608608240393051902.jpg\" alt=\"8.jpg\"/><img src=\"http://192.168.3.138:8080/Shopping/upload/image/20201222/1608608224621092967.jpg\" title=\"1608608224621092967.jpg\" alt=\"2.jpg\"/></p>', '儿童汉服女童超仙中国风唐装冬季加绒棉袄冬装加厚古装裙子秋冬款', null, '9900', '10500', '04008', '50', '1', '0', '0', '/resources/upload/8ea200854b314cf596a242673841aa18.jpg', '2020-12-22 11:38:01', '3', '2020-12-22 11:37:21', '3', '8'), ('1054', '卡尔美足球围脖运动保暖抓绒面罩冬儿童训练kelme帽子男户外脖套', '48', '<p>品牌名称：<span class=\"J_EbrandLogo\" style=\"margin: 0px; padding: 0px; color: rgb(51, 51, 51);\">KELME</span></p><p class=\"attr-list-hd tm-clear\" style=\"margin-top: 0px; margin-bottom: 0px; padding: 5px 20px; line-height: 22px; color: rgb(153, 153, 153); font-family: tahoma, arial, 微软雅黑, sans-serif; font-size: 12px; white-space: normal; background-color: rgb(255, 255, 255);\"><span style=\"margin: 0px; padding: 0px; font-weight: 700; float: left; font-size: 16px;\">产品参数：</span></p><ul style=\"list-style-type: none;\" class=\" list-paddingleft-2\"><li><p><br/></p></li><li><p>品牌:&nbsp;KELME</p></li><li><p>尺码:&nbsp;S</p></li><li><p>产地:&nbsp;中国</p></li><li><p>性别:&nbsp;男子</p></li><li><p>颜色分类:&nbsp;新款【面罩围脖耳罩三合一】黑色成人单面&nbsp;【成人款双面围脖面罩帽子三用】荧光橙/黑12岁以上&nbsp;【成人款双面围脖面罩帽子三用】红/黑12岁以上&nbsp;【成人款双面围脖面罩帽子三用】彩蓝/黑12岁以上&nbsp;【儿童款双面围脖面罩帽子三用】荧光橙/黑12岁以内&nbsp;【儿童款双面围脖面罩帽子三用】荧光绿/黑12岁以内&nbsp;【儿童款双面围脖面罩帽子三用】红/灰黑12岁以内&nbsp;【儿童款双面围脖面罩帽子三用】彩蓝/黑12岁以内&nbsp;【成人款单面围脖面罩两用】蓝黑&nbsp;【成人款单面围脖面罩两用】红黑&nbsp;【成人款单面围脖面罩两用】荧光绿黑&nbsp;【成人款单面围脖面罩两用】橙黑&nbsp;店铺活动：咨询客服购买指定棉服/羽绒服可免费领取此款围脖</p></li><li><p>吊牌价:&nbsp;58</p></li><li><p>上市时间:&nbsp;2020年冬季</p></li><li><p>货号:&nbsp;K15Z910A</p></li><li><p>上市时间:&nbsp;2020年冬季</p></li><li><p>运动户外项目:&nbsp;跑步&nbsp;骑行&nbsp;攀冰&nbsp;滑雪</p></li><li><p>是否商场同款:&nbsp;是</p></li><li><p>销售渠道类型:&nbsp;商场同款(线上线下都销售)</p></li></ul><p><img src=\"http://192.168.3.138:8080/Shopping/upload/image/20201222/1608608514775098239.jpg\" title=\"1608608514775098239.jpg\" alt=\"1.jpg\"/><img src=\"http://192.168.3.138:8080/Shopping/upload/image/20201222/1608608517197060738.jpg\" title=\"1608608517197060738.jpg\" alt=\"2 .jpg\"/><img src=\"http://192.168.3.138:8080/Shopping/upload/image/20201222/1608608519979087465.jpg\" title=\"1608608519979087465.jpg\" alt=\"3.jpg\"/><img src=\"http://192.168.3.138:8080/Shopping/upload/image/20201222/1608608522659005360.jpg\" title=\"1608608522659005360.jpg\" alt=\"4.jpg\"/><img src=\"http://192.168.3.138:8080/Shopping/upload/image/20201222/1608608524890036558.jpg\" title=\"1608608524890036558.jpg\" alt=\"5.jpg\"/><img src=\"http://192.168.3.138:8080/Shopping/upload/image/20201222/1608608526943024023.jpg\" title=\"1608608526943024023.jpg\" alt=\"6.jpg\"/><img src=\"http://192.168.3.138:8080/Shopping/upload/image/20201222/1608608529231023732.jpg\" title=\"1608608529231023732.jpg\" alt=\"7.jpg\"/></p>', '卡尔美足球围脖运动保暖抓绒面罩冬儿童训练kelme帽子男户外脖套', null, '4500', '4900', '05001', '50', '1', '0', '0', '/resources/upload/d52ab817965c4fa4bd3c1e3f3d22d2e8.jpg', '2020-12-22 11:42:13', '3', '2020-12-22 11:42:13', '3', '1'), ('1055', '迪卡侬旗舰店摇粒绒外套女抓绒衣男保暖户外运动加厚秋冬绒衣QUMM', '48', '<p>品牌名称：<span class=\"J_EbrandLogo\" style=\"margin: 0px; padding: 0px; color: rgb(51, 51, 51);\">Decathlon/迪卡侬</span></p><p class=\"attr-list-hd tm-clear\" style=\"margin-top: 0px; margin-bottom: 0px; padding: 5px 20px; line-height: 22px; color: rgb(153, 153, 153); font-family: tahoma, arial, 微软雅黑, sans-serif; font-size: 12px; white-space: normal; background-color: rgb(255, 255, 255);\"><span style=\"margin: 0px; padding: 0px; font-weight: 700; float: left; font-size: 16px;\">产品参数：</span></p><ul style=\"list-style-type: none;\" class=\" list-paddingleft-2\"><li><p><br/></p></li><li><p>品牌:&nbsp;Decathlon/迪卡侬</p></li><li><p>主要功能:&nbsp;透气&nbsp;保暖</p></li><li><p>材质:&nbsp;涤纶</p></li><li><p>尺码:&nbsp;XS&nbsp;S&nbsp;M&nbsp;L&nbsp;XL&nbsp;2XL&nbsp;3XL</p></li><li><p>领型:&nbsp;立领</p></li><li><p>产地:&nbsp;中国</p></li><li><p>颜色分类:&nbsp;男款-主推款-灰色&nbsp;男款-藏青色&nbsp;男款-蓝色条纹&nbsp;男款-卡其灰&nbsp;男款-红色&nbsp;女款-浅灰色&nbsp;女款-波尔多红&nbsp;女款-墨绿色&nbsp;女款-黑色&nbsp;女款-珊瑚红&nbsp;女款-紫色&nbsp;女款-酒红色</p></li><li><p>吊牌价:&nbsp;99.9</p></li><li><p>克重:&nbsp;中寒环境</p></li><li><p>上市时间:&nbsp;2018年秋季</p></li><li><p>货号:&nbsp;8156975</p></li><li><p>商品系列:&nbsp;MH 120</p></li><li><p>适用季节:&nbsp;冬季&nbsp;春季&nbsp;秋季&nbsp;夏季&nbsp;四季</p></li><li><p>穿着方式:&nbsp;开衫</p></li><li><p>适用对象:&nbsp;情侣</p></li><li><p>运动户外项目:&nbsp;郊游&nbsp;野营&nbsp;登山&nbsp;其他&nbsp;徒步&nbsp;自驾游</p></li><li><p>面料科技:&nbsp;其他</p></li><li><p>是否商场同款:&nbsp;是</p></li><li><p>价格区间:&nbsp;51-100元</p></li></ul><p><img src=\"http://192.168.3.138:8080/Shopping/upload/image/20201222/1608609001043014757.jpg\" title=\"1608609001043014757.jpg\" alt=\"1.jpg\"/><img src=\"http://192.168.3.138:8080/Shopping/upload/image/20201222/1608609004047002828.jpg\" title=\"1608609004047002828.jpg\" alt=\"2.jpg\"/><img src=\"http://192.168.3.138:8080/Shopping/upload/image/20201222/1608609006947053775.jpg\" title=\"1608609006947053775.jpg\" alt=\"3.jpg\"/><img src=\"http://192.168.3.138:8080/Shopping/upload/image/20201222/1608609009787073457.jpg\" title=\"1608609009787073457.jpg\" alt=\"4.jpg\"/><img src=\"http://192.168.3.138:8080/Shopping/upload/image/20201222/1608609012235034952.jpg\" title=\"1608609012235034952.jpg\" alt=\"5.jpg\"/><img src=\"http://192.168.3.138:8080/Shopping/upload/image/20201222/1608609015946052844.png\" title=\"1608609015946052844.png\" alt=\"6.png\"/><img src=\"http://192.168.3.138:8080/Shopping/upload/image/20201222/1608609018409081109.jpg\" title=\"1608609018409081109.jpg\" alt=\"7.jpg\"/></p>', '迪卡侬旗舰店摇粒绒外套女抓绒衣男保暖户外运动加厚秋冬绒衣QUMM', null, '6900', '7900', '05001', '50', '1', '0', '0', '/resources/upload/20005634806d430e8f3efe151f14df58.jpg', '2020-12-22 11:51:01', '3', '2020-12-22 11:51:01', '3', '1'), ('1056', '新品耐克男运动套装健身房速干紧身衣户外跑步长袖外套篮球训练服', '48', '<ul class=\"attributes-list list-paddingleft-2\" style=\"list-style-type: none;\"><li><p>品牌:&nbsp;品耐克男</p></li><li><p>功能:&nbsp;吸湿排汗 速干 透气 超强弹性</p></li><li><p>材质:&nbsp;涤纶</p></li><li><p>尺码:&nbsp;M【90-110斤】 L【110-130斤】 XL【130-145斤】 2XL【145-160斤】 3XL【160-180斤】 4XL【180-200斤】</p></li><li><p>颜色分类:&nbsp;【5件】92黑+黑外套 【5件】85黑+黑外套 【5件】85灰+黑外套 【5件】95黑+黑外套 【5件】95黑+灰外套 【5件】96黑+黑外套 【5件】96黑+灰外套 【4件】92黑+黑外套 【4件】85黑+黑外套 【4件】85灰+黑外套 【4件】95黑+黑外套 【4件】95黑+灰外套 【4件】96黑+黑外套 【4件】96黑+灰外套 【3件装】92款黑 【3件装】85款黑 【3件装】85款灰 【3件装】95款黑 【3件装】96款黑 【2件装】92款黑 【2件装】95款黑 【2件装】96款黑 【2件装】黑外套+长裤 【2件装】灰外套+长裤</p></li><li><p>吊牌价:&nbsp;798</p></li><li><p>款号:&nbsp;AD-803</p></li><li><p>上市时间:&nbsp;2020年秋季</p></li><li><p>袖长:&nbsp;长袖</p></li><li><p>衣长:&nbsp;及腰</p></li><li><p>服装版型:&nbsp;紧身</p></li><li><p>性别:&nbsp;男</p></li><li><p>运动户外项目:&nbsp;瑜伽 舞蹈 器械健身</p></li></ul><p><img src=\"http://192.168.3.138:8080/Shopping/upload/image/20201222/1608612988209004427.jpg\" title=\"1608612988209004427.jpg\" alt=\"1.jpg\"/><img src=\"http://192.168.3.138:8080/Shopping/upload/image/20201222/1608612996327043511.jpg\" title=\"1608612996327043511.jpg\" alt=\"2.jpg\"/><img src=\"http://192.168.3.138:8080/Shopping/upload/image/20201222/1608612999610070549.jpg\" title=\"1608612999610070549.jpg\" alt=\"3.jpg\"/><img src=\"http://192.168.3.138:8080/Shopping/upload/image/20201222/1608613004713049873.jpg\" title=\"1608613004713049873.jpg\" alt=\"4.jpg\"/><img src=\"http://192.168.3.138:8080/Shopping/upload/image/20201222/1608613019986076998.jpg\" title=\"1608613019986076998.jpg\" alt=\"5.jpg\"/><img src=\"http://192.168.3.138:8080/Shopping/upload/image/20201222/1608613028122083132.jpg\" title=\"1608613028122083132.jpg\" alt=\"6.jpg\"/><img src=\"http://192.168.3.138:8080/Shopping/upload/image/20201222/1608613030686025683.jpg\" title=\"1608613030686025683.jpg\" alt=\"7.jpg\"/><img src=\"http://192.168.3.138:8080/Shopping/upload/image/20201222/1608613033321073324.jpg\" title=\"1608613033321073324.jpg\" alt=\"8.jpg\"/><img src=\"http://192.168.3.138:8080/Shopping/upload/image/20201222/1608613035558068392.jpg\" title=\"1608613035558068392.jpg\" alt=\"9.jpg\"/><img src=\"http://192.168.3.138:8080/Shopping/upload/image/20201222/1608613038385063152.jpg\" title=\"1608613038385063152.jpg\" alt=\"10.jpg\"/></p>', '新品耐克男运动套装健身房速干紧身衣户外跑步长袖外套篮球训练服', null, '14800', '15800', '06003', '50', '1', '0', '0', '/resources/upload/3eb7615da56645e6b2b9e9e331be6886.jpg', '2020-12-22 12:57:20', '3', '2020-12-22 12:57:20', '3', '3'), ('1057', '健身外套女秋冬新款跑步运动上衣紧身速干拉链网红瑜伽服长袖户外', '48', '<ul class=\"attributes-list list-paddingleft-2\" style=\"list-style-type: none;\"><li><p>品牌:&nbsp;other/其他</p></li><li><p>功能:&nbsp;吸湿排汗 速干 透气 超强弹性</p></li><li><p>材质:&nbsp;氨纶</p></li><li><p>尺码:&nbsp;S M L XL XXL</p></li><li><p>颜色分类:&nbsp;玫红色 灰色 紫色 蓝灰色 套餐1 套餐2 套餐3 套餐4</p></li><li><p>吊牌价:&nbsp;468</p></li><li><p>款号:&nbsp;WT738</p></li><li><p>上市时间:&nbsp;2020年冬季</p></li><li><p>袖长:&nbsp;长袖</p></li><li><p>衣长:&nbsp;及臀</p></li><li><p>服装版型:&nbsp;常规</p></li><li><p>性别:&nbsp;女</p></li><li><p>运动户外项目:&nbsp;瑜伽 舞蹈 器械健身</p></li></ul><p><img src=\"http://192.168.3.138:8080/Shopping/upload/image/20201222/1608613157610059362.jpg\" title=\"1608613157610059362.jpg\" alt=\"1.jpg\"/><img src=\"http://192.168.3.138:8080/Shopping/upload/image/20201222/1608613160508064160.jpg\" title=\"1608613160508064160.jpg\" alt=\"2.jpg\"/><img src=\"http://192.168.3.138:8080/Shopping/upload/image/20201222/1608613163644017312.jpg\" title=\"1608613163644017312.jpg\" alt=\"3.jpg\"/><img src=\"http://192.168.3.138:8080/Shopping/upload/image/20201222/1608613166037054910.jpg\" title=\"1608613166037054910.jpg\" alt=\"4.jpg\"/><img src=\"http://192.168.3.138:8080/Shopping/upload/image/20201222/1608613168385088606.jpg\" title=\"1608613168385088606.jpg\" alt=\"5.jpg\"/><img src=\"http://192.168.3.138:8080/Shopping/upload/image/20201222/1608613170630085155.jpg\" title=\"1608613170630085155.jpg\" alt=\"6.jpg\"/><img src=\"http://192.168.3.138:8080/Shopping/upload/image/20201222/1608613173026092393.jpg\" title=\"1608613173026092393.jpg\" alt=\"7.jpg\"/><img src=\"http://192.168.3.138:8080/Shopping/upload/image/20201222/1608613175483040725.jpg\" title=\"1608613175483040725.jpg\" alt=\"8.jpg\"/></p>', '健身外套女秋冬新款跑步运动上衣紧身速干拉链网红瑜伽服长袖户外', null, '22800', '22800', '05004', '50', '1', '0', '0', '/resources/upload/379eb5fa5ee44a8c9b9d2d3da50e432a.jpg', '2020-12-22 13:00:03', '3', '2020-12-22 12:59:37', '3', '4'), ('1058', '健身服男秋冬季户外篮球训练运动衣宽松晨跑跑步套装长袖速干衣服', '48', '<p style=\"text-align: justify;\"><img src=\"http://192.168.3.138:8080/Shopping/upload/image/20201222/1608613397115075903.jpg\" title=\"1608613397115075903.jpg\" alt=\"7.jpg\"/><img src=\"http://192.168.3.138:8080/Shopping/upload/image/20201222/1608613399569051078.jpg\" title=\"1608613399569051078.jpg\" alt=\"8.jpg\"/>品牌名称：<span class=\"J_EbrandLogo\" style=\"margin: 0px; padding: 0px; color: rgb(51, 51, 51);\">步锐特</span></p><p class=\"attr-list-hd tm-clear\" style=\"margin-top: 0px; margin-bottom: 0px; padding: 5px 20px; line-height: 22px; color: rgb(153, 153, 153); font-family: tahoma, arial, 微软雅黑, sans-serif; font-size: 12px; white-space: normal; background-color: rgb(255, 255, 255);\"><span style=\"margin: 0px; padding: 0px; font-weight: 700; float: left; font-size: 16px;\">产品参数：</span></p><ul style=\"list-style-type: none;\" class=\" list-paddingleft-2\"><li><p><br/></p></li><li><p>品牌:&nbsp;步锐特</p></li><li><p>功能:&nbsp;透气</p></li><li><p>尺码:&nbsp;L【推荐身高165-170CM 体重50-60KG】&nbsp;XL【推荐身高170-175CM 体重60-70KG】&nbsp;2XL【推荐身高175-180CM 体重70-80KG】&nbsp;3XL【推荐身高180-185CM 体重80-90KG】&nbsp;4XL【推荐身高185-190CM 体重90-100KG】</p></li><li><p>颜色分类:&nbsp;325黑色+225黑色套装&nbsp;325浅灰+225浅灰套装&nbsp;325深灰+225深灰套装&nbsp;326深灰+225深灰套装&nbsp;326浅灰+225浅灰套装&nbsp;326黑色+225黑色套装&nbsp;325深灰+607+225深灰三件套&nbsp;325浅灰+607+225浅灰三件套&nbsp;325黑色+607+225黑色三件套&nbsp;325深灰+707+225深灰三件套&nbsp;325浅灰+707+225浅灰三件套&nbsp;325黑色+707+225黑色三件套&nbsp;325深灰+607+707+225深灰四件套&nbsp;325浅灰+607+707+225浅灰四件套&nbsp;325黑色+607+707+225黑色四件套&nbsp;326深灰+607+225深灰三件套&nbsp;326黑色+607+225黑色三件套&nbsp;326深灰+707+225深灰三件套&nbsp;326黑色+707+225黑色三件套&nbsp;326浅灰+607+225浅灰三件套&nbsp;326深灰+607+707+225深灰四件套</p></li><li><p>吊牌价:&nbsp;209</p></li><li><p>款号:&nbsp;BR325225-03</p></li><li><p>上市时间:&nbsp;2020年秋季</p></li><li><p>袖长:&nbsp;长袖</p></li><li><p>衣长:&nbsp;及臀</p></li><li><p>服装版型:&nbsp;宽松</p></li><li><p>性别:&nbsp;男</p></li><li><p>运动户外项目:&nbsp;器械健身</p></li><li><p>是否商场同款:&nbsp;是</p></li></ul><p><img src=\"http://192.168.3.138:8080/Shopping/upload/image/20201222/1608613386337013002.jpg\" title=\"1608613386337013002.jpg\" alt=\"3.jpg\"/><img src=\"http://192.168.3.138:8080/Shopping/upload/image/20201222/1608613388985001269.jpg\" title=\"1608613388985001269.jpg\" alt=\"4.jpg\"/><img src=\"http://192.168.3.138:8080/Shopping/upload/image/20201222/1608613391283094376.jpg\" title=\"1608613391283094376.jpg\" alt=\"5.jpg\"/><img src=\"http://192.168.3.138:8080/Shopping/upload/image/20201222/1608613393669070350.jpg\" title=\"1608613393669070350.jpg\" alt=\"6.jpg\"/><img src=\"http://192.168.3.138:8080/Shopping/upload/image/20201222/1608613383593092679.jpg\" title=\"1608613383593092679.jpg\" alt=\"2.jpg\"/></p>', '健身服男秋冬季户外篮球训练运动衣宽松晨跑跑步套装长袖速干衣服', null, '11800', '12800', '05005', '50', '1', '0', '0', '/resources/upload/cd4db4785ab546a7becb6f8fb97b148a.jpg', '2020-12-22 13:06:12', '3', '2020-12-22 13:03:32', '3', '5');
INSERT INTO `product` VALUES ('1059', '冬装加厚加绒防风抗寒保暖户外抓绒裤男大码休闲运动长裤秋裤冬裤', '48', '<ul class=\"attributes-list list-paddingleft-2\" style=\"list-style-type: none;\"><li><p>品牌:&nbsp;terwsunsky/泰迩森斯凯</p></li><li><p>功能:&nbsp;防风 透气 保暖</p></li><li><p>材质:&nbsp;涤纶</p></li><li><p>尺码:&nbsp;S【建议100-120斤穿】 M【建议125-140斤穿】 L【建议145-155斤穿】 XL【建议160-175斤穿】 XXL【建议180-195斤穿 3XL【建议200-210斤穿</p></li><li><p>产地:&nbsp;中国</p></li><li><p>价格区间:&nbsp;201-500元</p></li><li><p>颜色分类:&nbsp;TK031 黑色 TK031 灰色 TK031 宝蓝色</p></li><li><p>吊牌价:&nbsp;398</p></li><li><p>上市时间:&nbsp;2019年冬季</p></li><li><p>货号:&nbsp;TK031</p></li><li><p>适用对象:&nbsp;男</p></li><li><p>运动户外项目:&nbsp;郊游 野营 登山 徒步 攀岩 沙滩 滑雪 滑翔 自驾游</p></li><li><p>面料科技:&nbsp;其他</p></li></ul><p><img src=\"http://192.168.3.138:8080/Shopping/upload/image/20201222/1608613673596085888.png\" title=\"1608613673596085888.png\" alt=\"1.png\"/><img src=\"http://192.168.3.138:8080/Shopping/upload/image/20201222/1608613676125075110.png\" title=\"1608613676125075110.png\" alt=\"2.png\"/><img src=\"http://192.168.3.138:8080/Shopping/upload/image/20201222/1608613679213066304.png\" title=\"1608613679213066304.png\" alt=\"3.png\"/><img src=\"http://192.168.3.138:8080/Shopping/upload/image/20201222/1608613681669056988.png\" title=\"1608613681669056988.png\" alt=\"4.png\"/><img src=\"http://192.168.3.138:8080/Shopping/upload/image/20201222/1608613684091050908.png\" title=\"1608613684091050908.png\" alt=\"5.png\"/><img src=\"http://192.168.3.138:8080/Shopping/upload/image/20201222/1608613688038042959.png\" title=\"1608613688038042959.png\" alt=\"6.png\"/><img src=\"http://192.168.3.138:8080/Shopping/upload/image/20201222/1608613690560056802.png\" title=\"1608613690560056802.png\" alt=\"7.png\"/><img src=\"http://192.168.3.138:8080/Shopping/upload/image/20201222/1608613692912099251.png\" title=\"1608613692912099251.png\" alt=\"8.png\"/><img src=\"http://192.168.3.138:8080/Shopping/upload/image/20201222/1608613695477038349.png\" title=\"1608613695477038349.png\" alt=\"9.png\"/></p>', '冬装加厚加绒防风抗寒保暖户外抓绒裤男大码休闲运动长裤秋裤冬裤', null, '14800', '15800', '05006', '50', '1', '0', '0', '/resources/upload/d4dc143cd39744e4a5831e31066b7195.jpg', '2020-12-22 13:08:25', '3', '2020-12-22 13:08:25', '3', '6'), ('1060', '伯希和户外抓绒衣女开衫秋冬双面绒卫衣加厚保暖运动摇粒绒外套男', '48', '<p>品牌名称：<span class=\"J_EbrandLogo\" style=\"margin: 0px; padding: 0px; color: rgb(51, 51, 51);\">pelliot/伯希和</span></p><p class=\"attr-list-hd tm-clear\" style=\"margin-top: 0px; margin-bottom: 0px; padding: 5px 20px; line-height: 22px; color: rgb(153, 153, 153); font-family: tahoma, arial, 微软雅黑, sans-serif; font-size: 12px; white-space: normal; background-color: rgb(255, 255, 255);\"><span style=\"margin: 0px; padding: 0px; font-weight: 700; float: left; font-size: 16px;\">产品参数：</span></p><ul style=\"list-style-type: none;\" class=\" list-paddingleft-2\"><li><p><br/></p></li><li><p>主要功能:&nbsp;防风&nbsp;透气&nbsp;耐磨&nbsp;保暖</p></li><li><p>材质:&nbsp;涤纶</p></li><li><p>尺码:&nbsp;S&nbsp;M&nbsp;L&nbsp;XL&nbsp;XXL&nbsp;XXXL</p></li><li><p>领型:&nbsp;立领</p></li><li><p>产地:&nbsp;中国</p></li><li><p>颜色分类:&nbsp;【女款】象牙白&nbsp;【女款】樱花粉&nbsp;【女款】曜石黑&nbsp;【男款】曜石黑(预计12月23日左右发货）&nbsp;【男款】藏蓝色(预计12月23日左右发货）&nbsp;【男款】象牙白&nbsp;【女款】浅紫色</p></li><li><p>吊牌价:&nbsp;329</p></li><li><p>克重:&nbsp;中寒环境</p></li><li><p>上市时间:&nbsp;2019年秋季</p></li><li><p>货号:&nbsp;12831002</p></li><li><p>商品系列:&nbsp;抓绒衣</p></li><li><p>适用季节:&nbsp;冬季&nbsp;春季&nbsp;秋季&nbsp;四季</p></li><li><p>穿着方式:&nbsp;开衫</p></li><li><p>适用对象:&nbsp;情侣</p></li><li><p>运动户外项目:&nbsp;郊游&nbsp;野营&nbsp;登山&nbsp;徒步&nbsp;攀岩&nbsp;滑翔&nbsp;自驾游</p></li><li><p>面料科技:&nbsp;其他</p></li><li><p>是否商场同款:&nbsp;是</p></li><li><p>价格区间:&nbsp;201-500元</p></li></ul><p><img src=\"http://192.168.3.138:8080/Shopping/upload/image/20201222/1608613842526060098.jpg\" title=\"1608613842526060098.jpg\" alt=\"3.jpg\"/><img src=\"http://192.168.3.138:8080/Shopping/upload/image/20201222/1608613845129045071.jpg\" title=\"1608613845129045071.jpg\" alt=\"4.jpg\"/><img src=\"http://192.168.3.138:8080/Shopping/upload/image/20201222/1608613847417062514.jpg\" title=\"1608613847417062514.jpg\" alt=\"5.jpg\"/><img src=\"http://192.168.3.138:8080/Shopping/upload/image/20201222/1608613849775027475.jpg\" title=\"1608613849775027475.jpg\" alt=\"6.jpg\"/><img src=\"http://192.168.3.138:8080/Shopping/upload/image/20201222/1608613851916049512.jpg\" title=\"1608613851916049512.jpg\" alt=\"7.jpg\"/><img src=\"http://192.168.3.138:8080/Shopping/upload/image/20201222/1608613854208001513.jpg\" title=\"1608613854208001513.jpg\" alt=\"8.jpg\"/><img src=\"http://192.168.3.138:8080/Shopping/upload/image/20201222/1608613839837022737.jpg\" title=\"1608613839837022737.jpg\" alt=\"2.jpg\"/></p>', '伯希和户外抓绒衣女开衫秋冬双面绒卫衣加厚保暖运动摇粒绒外套男', null, '14900', '15900', '005007', '50', '1', '0', '0', '/resources/upload/68bada61ed5749acb28327b4701a4147.jpg', '2020-12-22 13:10:56', '3', '2020-12-22 13:10:56', '3', '7'), ('1061', 'Garmin佳明instinct本能太阳能运动手表心率血氧户外北斗腕表男女', '48', '<p>品牌名称：<span class=\"J_EbrandLogo\" style=\"margin: 0px; padding: 0px; color: rgb(51, 51, 51);\">Garmin/佳明</span></p><p class=\"attr-list-hd tm-clear\" style=\"margin-top: 0px; margin-bottom: 0px; padding: 5px 20px; line-height: 22px; color: rgb(153, 153, 153); font-family: tahoma, arial, 微软雅黑, sans-serif; font-size: 12px; white-space: normal; background-color: rgb(255, 255, 255);\"><span style=\"margin: 0px; padding: 0px; font-weight: 700; float: left; font-size: 16px;\">产品参数：</span></p><ul style=\"list-style-type: none;\" class=\" list-paddingleft-2\"><li><p><br/></p></li><li><p>品牌:&nbsp;Garmin/佳明</p></li><li><p>型号:&nbsp;instinct太阳能</p></li><li><p>功能:&nbsp;定位&nbsp;心率监测&nbsp;智能提醒&nbsp;睡眠监测&nbsp;计步&nbsp;防水</p></li><li><p>售后服务:&nbsp;全国联保</p></li><li><p>品牌产地:&nbsp;国内</p></li><li><p>机芯类型:&nbsp;智能机芯</p></li><li><p>表带材质:&nbsp;硅胶</p></li><li><p>厚度:&nbsp;15mm以上</p></li><li><p>颜色分类:&nbsp;本能太阳能石墨灰-&nbsp;本能太阳能罗兰紫-&nbsp;本能太阳能迷彩灰-&nbsp;本能太阳能旭日黄-&nbsp;本能太阳能火焰红-&nbsp;本能浪潮版太阳能浪花白-&nbsp;本能战术版太阳能丛林绿-</p></li><li><p>无线距离:&nbsp;5m(含)-10m(含)</p></li><li><p>直径:&nbsp;45mm</p></li><li><p>表壳材质:&nbsp;碳纤维</p></li><li><p>上市时间:&nbsp;2020年秋季</p></li><li><p>货号:&nbsp;instinct太阳能</p></li><li><p>显示方式:&nbsp;数字式</p></li><li><p>适用对象:&nbsp;中性</p></li><li><p>表底类型:&nbsp;普通</p></li><li><p>防水深度:&nbsp;100m</p></li><li><p>连接方式:&nbsp;USB&nbsp;蓝牙连接</p></li><li><p>是否商场同款:&nbsp;是</p></li><li><p>兼容平台:&nbsp;ANDROID&nbsp;iOS</p></li><li><p>重量:&nbsp;53g</p></li><li><p>屏幕尺寸:&nbsp;1.2英寸</p></li><li><p>屏幕分辨率:&nbsp;128x128像素</p></li><li><p>电池容量:&nbsp;290mAh</p></li><li><p>手表镜面材质:&nbsp;矿物强化玻璃镜面</p></li></ul><p><img src=\"http://192.168.3.138:8080/Shopping/upload/image/20201222/1608613959460056137.jpg\" title=\"1608613959460056137.jpg\" alt=\"1.jpg\"/></p>', 'Garmin佳明instinct本能太阳能运动手表心率血氧户外北斗腕表男女', null, '221000', '281000', '05008', '50', '1', '0', '0', '/resources/upload/c7abefe3fac04c40805ef1fd5d91c15c.jpg', '2020-12-22 13:13:40', '3', '2020-12-22 13:13:00', '3', '8'), ('1062', '农家散养老母鸡', '31', '<ul class=\"p-parameter-list list-paddingleft-2\" style=\"list-style-type: none;\"><li><p>品牌：跑步鸡</p></li><li><p>商品名称：京东跑步鸡1.0kg</p></li><li><p>商品编号：6176971</p></li><li><p>商品毛重：1.7kg</p></li><li><p>商品产地：中国大陆</p></li><li><p>品种：土鸡</p></li><li><p>类别：整鸡</p></li><li><p>整鸡分类：老母鸡</p></li></ul><p><img src=\"http://192.168.3.138:8080/Shopping/upload/image/20201222/1608614097636002987.jpg\" title=\"1608614097636002987.jpg\" alt=\"5fef782567dafa6b.jpg\"/></p><p><br/></p>', '农家散养老母鸡 土鸡走地鸡跑山鸡整鸡肉 月子餐月子鸡汤材料 礼品袋装', null, '6600', '6800', '09003', '20', '1', '0', '0', '/resources/upload/fc484f60b7994a41bdad01eb7c4ac7fb.jpg', '2020-12-22 13:17:33', '3', '2020-12-22 13:15:14', '3', null), ('1063', '鸡腿肉丁1kg ', '31', '<ul class=\"p-parameter-list list-paddingleft-2\" style=\"list-style-type: none;\"><li><p>品牌：&nbsp;凤祥食品</p></li><li><p>商品名称：凤祥食品鸡腿肉丁1kg</p></li><li><p>商品编号：100005415749</p></li><li><p>商品毛重：1.07kg</p></li><li><p>商品产地：山东聊城</p></li><li><p>类别：鸡肉丁</p></li><li><p>整鸡分类：其它</p></li><li><p>饲养方式：圈养</p></li></ul><p><img src=\"http://192.168.3.138:8080/Shopping/upload/image/20201222/1608614346417004393.jpg\" title=\"1608614346417004393.jpg\" alt=\"dc79c9ec7323480d.jpg\"/></p>', '鸡腿肉丁1kg 出口日本欧盟级 鸡腿肉块鸡丁鸡腿肉丁鸡肉块宫保鸡丁辣子鸡丁', null, '3000', '3500', '09004', '20', '1', '0', '0', '/resources/upload/ca1fa585d7204254a2679410545a5fd0.jpg', '2020-12-22 13:20:48', '3', '2020-12-22 13:19:53', '3', null), ('1064', '供港白凤乌鸡 1kg', '31', '<ul class=\"p-parameter-list list-paddingleft-2\" style=\"list-style-type: none;\"><li><p>品牌：&nbsp;温氏</p></li><li><p>商品名称：温氏供港白凤乌鸡1000g</p></li><li><p>商品编号：100004346354</p></li><li><p>商品毛重：1.2kg</p></li><li><p>商品产地：广东云浮</p></li><li><p>品种：乌鸡</p></li><li><p>类别：整鸡</p></li><li><p>加工方式：净膛</p></li></ul><p><img src=\"http://192.168.3.138:8080/Shopping/upload/image/20201222/1608614554004063363.jpg\" title=\"1608614554004063363.jpg\" alt=\"5d89e8539267686f.jpg\"/></p>', '供港白凤乌鸡 1kg 高品质供港鸡 十全乌骨鸡 农家土鸡 月子餐月子鸡汤材料慢养110天以上', null, '6600', '6800', '09005', '20', '1', '0', '0', '/resources/upload/3a73948deea24fbcb5b10b946ccc6e03.jpg', '2020-12-22 13:22:37', '3', '2020-12-22 13:22:37', '3', null), ('1065', ' 东坡肉 300g', '31', '<ul class=\"p-parameter-list list-paddingleft-2\" style=\"list-style-type: none;\"><li><p>品牌：&nbsp;知味观</p></li><li><p>商品名称：知味观 东坡肉 300g 杭州特产名菜真空即食猪肉红烧肉午餐肉年货熟食</p></li><li><p>商品毛重：310.00g</p></li><li><p>商品产地：中国大陆</p></li><li><p>货号：6921096100310</p></li><li><p>包装：袋装</p></li></ul><p><img src=\"http://192.168.3.138:8080/Shopping/upload/image/20201222/1608614720202001287.jpg\" title=\"1608614720202001287.jpg\" alt=\"049ef127b60a7dcb.jpg\"/></p>', '知味观 东坡肉 300g 杭州特产名菜真空即食猪肉红烧肉午餐肉年货熟食', null, '3700', '4500', '09006', '20', '1', '0', '0', '/resources/upload/8615eeb485dc4616b7d5d76700e105ce.jpg', '2020-12-22 13:25:32', '3', '2020-12-22 13:25:32', '3', null), ('1066', '新鲜乳鸽子 2只装', '31', '<ul class=\"p-parameter-list list-paddingleft-2\" style=\"list-style-type: none;\"><li><p>品牌：&nbsp;兴化馆</p></li><li><p>商品名称：【第二件5折】兴化馆 新鲜乳鸽子 2只装 杀前约1100g 鸽子肉现杀其他禽类生鲜</p></li><li><p>商品毛重：0.7kg</p></li><li><p>商品产地：中国大陆</p></li><li><p>货号：鲜掌门 乳鸽</p></li><li><p>类别：鸽</p></li></ul><p><img src=\"http://192.168.3.138:8080/Shopping/upload/image/20201222/1608614879567011024.jpg\" title=\"1608614879567011024.jpg\" alt=\"a9c1c31c60b94c40.jpg\"/></p>', ' 新鲜乳鸽子 2只装 杀前约1100g 鸽子肉现杀其他禽类生鲜', null, '7900', '8900', '09007', '20', '1', '0', '0', '/resources/upload/8a231b978d944f03838c83bd833b544a.jpg', '2020-12-22 13:28:09', '3', '2020-12-22 13:28:09', '3', null), ('1067', 'Python程序设计与算法基础教程', '64', '<ul class=\"p-parameter-list list-paddingleft-2\" style=\"list-style-type: none;\"><li><p>出版社：&nbsp;清华大学出版社</p></li><li><p>ISBN：9787302524830</p></li><li><p>版次：2</p></li><li><p>商品编码：12539023</p></li><li><p>品牌：清华大学出版社</p></li><li><p>包装：平装</p></li><li><p>开本：16开</p></li></ul><p><img src=\"http://192.168.3.138:8080/Shopping/upload/image/20201222/1608615038846012508.jpg\" title=\"1608615038846012508.jpg\" alt=\"4ecdff0224da4fce.jpg\"/></p>', 'Python程序设计与算法基础教程（第2版）/21世纪高等学校计算机类课程创新规划教材· 微课版', null, '5000', '5100', '010001', '12', '1', '0', '0', '/resources/upload/3849f82ee0494a7199c248e1b60c98bd.jpg', '2020-12-22 13:34:23', '3', '2020-12-22 13:31:30', '3', null), ('1068', 'Spring 5核心原理与30个类手写实战', '64', '<ul class=\"p-parameter-list list-paddingleft-2\" style=\"list-style-type: none;\"><li><p>出版社：电子工业出版社</p></li><li><p>ISBN：9787121367410</p></li><li><p>版次：1</p></li><li><p>商品编码：12650902</p></li><li><p>包装：平装</p></li></ul><p><img src=\"http://192.168.3.138:8080/Shopping/upload/image/20201222/1608615217028029088.gif\" title=\"1608615217028029088.gif\" alt=\"5981867be1642e4f.gif\"/></p>', 'Spring 5核心原理与30个类手写实战', null, '9000', '9300', '010002', '20', '1', '0', '0', '/resources/upload/8e93f13fcc5247b5b0d3d2a4fdacab63.jpg', '2020-12-22 13:33:43', '3', '2020-12-22 13:33:43', '3', null), ('1069', 'ERP沙盘模拟高级指导教程', '64', '<ul class=\"p-parameter-list list-paddingleft-2\" style=\"list-style-type: none;\"><li><p>出版社：清华大学出版社</p></li><li><p>ISBN：9787302527312</p></li><li><p>版次：4</p></li><li><p>商品编码：12827418</p></li><li><p>包装：平装</p></li></ul><p><span style=\"color: rgb(102, 102, 102); font-family: tahoma, arial, &quot;Microsoft YaHei&quot;, &quot;Hiragino Sans GB&quot;, u5b8bu4f53, sans-serif; font-size: 14px; background-color: rgb(255, 255, 255);\">　“ERP沙盘模拟”是在汲取国内外咨询公司、培训机构的管理训练课程精髓的基础上而设计的企业经营管理实训课程。该课程面世以来，其体验式教学方法获得受训者的广泛认可，成为继传统教学与案例教学之后的一种新的教学尝试。 “ERP沙盘模拟”课程及其教学方法不仅适用于高等院校经济管理专业及其他专业的实训教学，亦适用于企业开展旨在提升管理知识、提高管理技能的各类培训。</span><br/><span style=\"color: rgb(102, 102, 102); font-family: tahoma, arial, &quot;Microsoft YaHei&quot;, &quot;Hiragino Sans GB&quot;, u5b8bu4f53, sans-serif; font-size: 14px; background-color: rgb(255, 255, 255);\">　　本书适用范围</span><br/><span style=\"color: rgb(102, 102, 102); font-family: tahoma, arial, &quot;Microsoft YaHei&quot;, &quot;Hiragino Sans GB&quot;, u5b8bu4f53, sans-serif; font-size: 14px; background-color: rgb(255, 255, 255);\">　　《ERP沙盘模拟高级指导教程（手工+电子对抗 第4版）》可作为高等院校经济管理专业及其他专业“ERP沙盘模拟”课程的教材，也可作为企业用于提升员工管理能力、训练员工管理技能的培训教材。</span></p><p><br/></p>', 'ERP沙盘模拟高级指导教程', null, '4100', '4200', '010003', '20', '1', '0', '0', '/resources/upload/c1d268fba04842e5bfe2c6d75cada957.jpg', '2020-12-22 13:37:02', '3', '2020-12-22 13:37:02', '3', null), ('1070', 'BGP设计与实现 ', '64', '<p>&nbsp; &nbsp; &nbsp; &nbsp;出版社：&nbsp;<a target=\"_blank\" title=\"人民邮电出版社\" href=\"https://book.jd.com/publish/%E4%BA%BA%E6%B0%91%E9%82%AE%E7%94%B5%E5%87%BA%E7%89%88%E7%A4%BE_1.html\" style=\"margin: 0px; padding: 0px; color: rgb(94, 105, 173); text-decoration-line: none;\">人民邮电出版社</a><br/></p><ul class=\"p-parameter-list list-paddingleft-2\" style=\"list-style-type: none;\"><li><p>ISBN：9787115285898</p></li><li><p>商品编码：10649465629</p></li><li><p>包装：平装</p></li><li><p>出版时间：2012-06-30</p></li></ul><p><img src=\"http://192.168.3.138:8080/Shopping/upload/image/20201222/1608615586296067301.jpg\" title=\"1608615586296067301.jpg\" alt=\"4a0619edd2a99458.jpg\"/></p>', 'BGP设计与实现 计算机与互联网编程语言与程序设计类书籍', null, '8800', '8900', '010004', '20', '1', '0', '0', '/resources/upload/aea86c02cf0a4736922f2c21c9e40608.jpg', '2020-12-22 13:39:57', '3', '2020-12-22 13:39:57', '3', null), ('1071', 'Visual Basic程序设计教程', '64', '<ul class=\"p-parameter-list list-paddingleft-2\" style=\"list-style-type: none;\"><li><p>出版社：&nbsp;<a target=\"_blank\" title=\"电子工业出版社\" href=\"https://book.jd.com/publish/%E7%94%B5%E5%AD%90%E5%B7%A5%E4%B8%9A%E5%87%BA%E7%89%88%E7%A4%BE_1.html\" style=\"margin: 0px; padding: 0px; color: rgb(94, 105, 173); text-decoration-line: none;\">电子工业出版社</a></p></li><li><p>ISBN：9787121311796</p></li><li><p>版次：5</p></li><li><p>商品编码：12070887</p></li><li><p>品牌：<a href=\"https://www.jd.com/pinpai/1-1713-352077.html\" style=\"margin: 0px; padding: 0px; color: rgb(94, 105, 173); text-decoration-line: none;\">电子工业出版社</a></p></li><li><p>包装：平装</p></li></ul><p><span style=\"color: rgb(102, 102, 102); font-family: tahoma, arial, &quot;Microsoft YaHei&quot;, &quot;Hiragino Sans GB&quot;, u5b8bu4f53, sans-serif; font-size: 14px; background-color: rgb(255, 255, 255);\">本书是普通高等教育“十一五”国家级规划教材。本书以Visual Basic 6.0中文版为语言背景，通过大量实例，深入浅出地介绍Visual Basic程序开发环境，Visual Basic程序设计基础，Visual Basic可视化编程的概念与方法，顺序结构程序设计，选择结构程序设计，循环结构程序设计，数组，过程，变量与过程的作用域，用户定义类型与枚举类型，图形与图像，菜单、工具栏与对话框，键盘与鼠标事件过程，数据文件等内容。书中每章均附有典型习题。本书免费提供电子课件，可以登录华信教育资源网（http：//www.hxedu.com.cn），注册后下载。另外，《Visual Basic程序设计教程习题及习题解答（第5版）（6.0版）》（ISBN 978-7-121-31178-9），对本书中习题做了详细解答。本书可作为大学、高职高专院校的教材使用，本书同样适合作为全国计算机等级考试二级Visual Basic语言的辅导教材。</span></p>', 'Visual Basic程序设计教程', null, '3200', '3300', '010005', '20', '1', '0', '0', '/resources/upload/066ece54b4324cec8baef53e07a2b2e4.jpg', '2020-12-22 13:44:46', '3', '2020-12-22 13:42:27', '3', null), ('1072', '信息安全原理与技术（第五版）', '64', '<ul class=\"p-parameter-list list-paddingleft-2\" style=\"list-style-type: none;\"><li><p>出版社：&nbsp;<a target=\"_blank\" title=\"电子工业出版社\" href=\"https://book.jd.com/publish/%E7%94%B5%E5%AD%90%E5%B7%A5%E4%B8%9A%E5%87%BA%E7%89%88%E7%A4%BE_1.html\" style=\"margin: 0px; padding: 0px; color: rgb(94, 105, 173); text-decoration-line: none;\">电子工业出版社</a></p></li><li><p>ISBN：9787121296635</p></li><li><p>版次：5</p></li><li><p>商品编码：11972015</p></li><li><p>品牌：<a href=\"https://www.jd.com/pinpai/1-1713-352077.html\" style=\"margin: 0px; padding: 0px; color: rgb(94, 105, 173); text-decoration-line: none;\">电子工业出版社</a></p></li><li><p>包装：平装</p></li></ul><p><span style=\"color: rgb(102, 102, 102); font-family: tahoma, arial, &quot;Microsoft YaHei&quot;, &quot;Hiragino Sans GB&quot;, u5b8bu4f53, sans-serif; font-size: 14px; background-color: rgb(255, 255, 255);\">本书是信息安全经典著作，共13章，系统描述了信息安全的各个方面，实现了计算机安全领域的完整、实时、全面的覆盖，内容包括用户、软件、设备、操作系统、网络、法律与道德等，反映了迅速变化的攻击、防范和计算环境，介绍了*新的*佳实践，用户认证，防止恶意代码的执行，加密技术的使用，隐私的保护，防火墙的实现和入侵检测技术的实施等。第五版对当前信息安全领域的新课题都有涉及，加入了Web交互、云计算、大数据、物联网和网络战等方面的安全技术，以及前沿课题的研究。</span></p>', '信息安全原理与技术（第五版）', null, '9000', '9800', '010006', '20', '1', '0', '0', '/resources/upload/6a5e8154cc0241018f6a89a7a4d145e2.jpg', '2020-12-22 13:46:20', '3', '2020-12-22 13:46:20', '3', null), ('1073', 'Java程序设计实用教程习题集', '64', '<ul class=\"p-parameter-list list-paddingleft-2\" style=\"list-style-type: none;\"><li><p>出版社：&nbsp;<a target=\"_blank\" title=\"清华大学出版社\" href=\"https://book.jd.com/publish/%E6%B8%85%E5%8D%8E%E5%A4%A7%E5%AD%A6%E5%87%BA%E7%89%88%E7%A4%BE_1.html\" style=\"margin: 0px; padding: 0px; color: rgb(94, 105, 173); text-decoration-line: none;\">清华大学出版社</a></p></li><li><p>ISBN：9787302320517</p></li><li><p>版次：1</p></li><li><p>商品编码：11268119</p></li><li><p>品牌：<a href=\"https://www.jd.com/pinpai/1-1713-276016.html\" style=\"margin: 0px; padding: 0px; color: rgb(94, 105, 173); text-decoration-line: none;\">清华大学出版社（TSINGHUA UNIVERSITY PRESS）</a></p></li><li><p>包装：平装</p></li></ul><p><span style=\"color: rgb(102, 102, 102); font-family: tahoma, arial, &quot;Microsoft YaHei&quot;, &quot;Hiragino Sans GB&quot;, u5b8bu4f53, sans-serif; font-size: 14px; background-color: rgb(255, 255, 255);\">《普通高等教育“计算机类专业”规划教材：Java程序设计实用教程习题集》主要包括了Java语言概述，Java基础语法，类和对象，类的封装性、继承性、多态性及接口，数组、字符串和枚举，Java常用类及接口，异常处理，流和文件，图形用户界面编程，多线程，网络编程，数据库编程，XML及程序打包等对应章节的习题，同时罗列了各章重要的知识点，在给出习题前还包括了习题的例题讲解，整个习题类型包括判断题、选择题、程序阅读题（含程序填空题）和编程题，其中部分选择题是多选。《普通高等教育“计算机类专业”规划教材：Java程序设计实用教程习题集》是《Java程序设计实用教程》的配套习题集。</span><br/><span style=\"color: rgb(102, 102, 102); font-family: tahoma, arial, &quot;Microsoft YaHei&quot;, &quot;Hiragino Sans GB&quot;, u5b8bu4f53, sans-serif; font-size: 14px; background-color: rgb(255, 255, 255);\">　　《普通高等教育“计算机类专业”规划教材：Java程序设计实用教程习题集》可以作为高等院校计算机科学与技术专业、软件工程专业及相关专业的实验教材，也可作为自学教材。</span></p>', '普通高等教育“计算机类专业”规划教材：Java程序设计实用教程习题集', null, '2000', '2100', '010007', '20', '1', '0', '0', '/resources/upload/b511cf59caf3491993e59bf61ea0a4a2.jpg', '2020-12-22 13:48:08', '3', '2020-12-22 13:48:08', '3', null), ('1083', '土鸡蛋', '2', '<p>很好吃的土鸡蛋</p>', '', null, '300', '300', '', '400', '1', '0', '0', '/resources/upload/bfc6534ceb2f4ce6b4210420f6287a97.jpg', '2021-04-29 16:44:17', '3', '2021-04-29 16:44:17', '3', null);
COMMIT;

-- ----------------------------
--  Table structure for `product_category`
-- ----------------------------
DROP TABLE IF EXISTS `product_category`;
CREATE TABLE `product_category` (
  `id` int(4) NOT NULL AUTO_INCREMENT,
  `name` varchar(50) COLLATE utf8_bin DEFAULT NULL,
  `sort_order` int(4) DEFAULT NULL,
  `description` text COLLATE utf8_bin,
  `image` varchar(255) COLLATE utf8_bin DEFAULT NULL,
  `update_time` datetime DEFAULT NULL,
  `update_user_id` int(5) DEFAULT NULL,
  PRIMARY KEY (`id`) USING BTREE
) ENGINE=InnoDB AUTO_INCREMENT=65 DEFAULT CHARSET=utf8 COLLATE=utf8_bin ROW_FORMAT=COMPACT;

-- ----------------------------
--  Records of `product_category`
-- ----------------------------
BEGIN;
INSERT INTO `product_category` VALUES ('2', '蔬菜蛋类', '2', '蔬菜蛋类', '/resources/upload/0e368bf46771475c802d8b998b4d4a08.jpg', '2020-12-22 08:36:07', '3'), ('31', '肉禽类', '3', '肉禽类生活类', '/resources/upload/06071e3b25e84070986b6b456ef8f919.jpg', '2019-12-09 09:16:43', '3'), ('44', '男装', '999', '冬季男装新款上市', '/resources/upload/b4c161c8935c4b358a19cc0522a7294a.jpg', '2019-12-09 09:09:36', '3'), ('45', '女装', '998', '女装', '/resources/upload/b764dcfcdfa2497388120bfcbe03e77a.jpg', '2019-12-09 09:10:42', '3'), ('46', '童装', '996', '童装新品上市', '/resources/upload/f083994eae2d4987b697fb20a3f75ff9.jpg', '2019-12-09 09:11:39', '3'), ('48', '户外运动', '995', '休闲类', '/resources/upload/001c0e9d59f143d2befcb8071b8cd2fa.jpg', '2020-12-22 08:38:28', '3'), ('50', '家居', '993', '家居生活类', '/resources/upload/60624b34dfc84d08ab6da64e7d516732.jpg', '2019-12-09 09:15:37', '3'), ('55', '家电类', '1005', '家电类商品类别', '/resources/upload/4c185e08a2f7467d849cd22f10ce1847.jpg', '2019-12-09 15:45:08', '3'), ('62', '汽车用品', '67', '<p>各种汽车用品，包括</p>', '/resources/upload/766ceffedfc44bea99be36473b2a8169.jpg', '2019-12-09 09:20:26', '3'), ('63', '鞋类', '6', '<p>各种休闲鞋</p>', '/resources/upload/1a10d4c4de0a40a0918c80c2ae127c61.jpg', '2020-12-22 08:37:04', '3'), ('64', '计算机书籍类', '1', '各种图书', '/resources/upload/e236f41b983e400c92cc58da7a5c40da.jpg', '2020-12-22 08:39:02', '3');
COMMIT;

-- ----------------------------
--  Table structure for `product_image`
-- ----------------------------
DROP TABLE IF EXISTS `product_image`;
CREATE TABLE `product_image` (
  `id` int(5) NOT NULL AUTO_INCREMENT,
  `product_id` int(5) NOT NULL,
  `url` varchar(255) COLLATE utf8_bin DEFAULT NULL,
  `explain` text COLLATE utf8_bin,
  `update_time` datetime DEFAULT NULL,
  `update_user_id` int(5) DEFAULT NULL,
  PRIMARY KEY (`id`) USING BTREE
) ENGINE=InnoDB AUTO_INCREMENT=49 DEFAULT CHARSET=utf8 COLLATE=utf8_bin ROW_FORMAT=COMPACT;

-- ----------------------------
--  Records of `product_image`
-- ----------------------------
BEGIN;
INSERT INTO `product_image` VALUES ('6', '2', 'http://img12.360buyimg.com/n1/jfs/t766/42/347764079/292212/7f849eb5/54a3536bN34e91b95.jpg', 'C#高级编程（第9版） C# 5.0 & .NET 4.5.1', '2016-10-24 16:39:35', '2'), ('7', '2', 'http://img12.360buyimg.com/n1/jfs/t760/361/344498043/199657/1c7d46c7/54a3a655N7b920c50.jpg', 'C#高级编程（第9版） C# 5.0 & .NET 4.5.1', '2016-10-24 16:39:37', '2'), ('8', '2', 'http://img12.360buyimg.com/n5/jfs/t2380/153/2094859540/240756/59dcc45a/56a064f1N52c1ce56.jpg', 'C#高级编程（第9版） C# 5.0 & .NET 4.5.1', '2016-10-24 16:39:40', '2'), ('9', '2', 'http://img12.360buyimg.com/n1/jfs/t2242/11/1458899572/227082/52b76732/56a06504Nb48c1bf3.jpg', 'C#高级编程（第9版） C# 5.0 & .NET 4.5.1', '2016-10-24 16:39:44', '2'), ('10', '2', 'http://img12.360buyimg.com/n1/jfs/t2521/288/1276970647/234174/e12bc701/56a064fdNc84a1cba.jpg', 'C#高级编程（第9版） C# 5.0 & .NET 4.5.1', '2016-10-24 16:39:46', '2'), ('23', '634', '/upload/image/66c5a5d212d54fcf8fedd65987431c20.jpg', null, '2016-10-30 14:11:57', '3'), ('24', '634', '/upload/image/619e06d36c7e479289be6221313fd2f5.jpg', null, '2016-10-30 14:11:57', '3'), ('25', '634', '/upload/image/25199c21a1ad40b596f256ae3641949f.jpg', null, '2016-10-30 14:11:57', '3'), ('39', '4', '/resources/upload/3569038260e04e04b2ff62bfdbca7dc8.jpg', null, '2016-10-30 22:45:04', '3'), ('48', '1', '/resources/upload/969cd96ad1e9434d9b22752cbd212037.jpg', null, '2016-11-02 17:10:11', '3');
COMMIT;

-- ----------------------------
--  Table structure for `product_option_info`
-- ----------------------------
DROP TABLE IF EXISTS `product_option_info`;
CREATE TABLE `product_option_info` (
  `id` int(11) NOT NULL AUTO_INCREMENT,
  `product_id` int(11) NOT NULL,
  `option_id` int(11) NOT NULL,
  PRIMARY KEY (`id`) USING BTREE
) ENGINE=InnoDB AUTO_INCREMENT=169 DEFAULT CHARSET=utf8 COLLATE=utf8_bin ROW_FORMAT=COMPACT;

-- ----------------------------
--  Records of `product_option_info`
-- ----------------------------
BEGIN;
INSERT INTO `product_option_info` VALUES ('69', '996', '3'), ('70', '996', '4'), ('79', '936', '2'), ('82', '998', '2'), ('83', '999', '3'), ('85', '1000', '2'), ('86', '1001', '4'), ('87', '1002', '3'), ('88', '1004', '2'), ('89', '1003', '3'), ('90', '1005', '2'), ('91', '1006', '4'), ('92', '1007', '2'), ('95', '1009', '2'), ('96', '1008', '3'), ('97', '1010', '2'), ('99', '1011', '2'), ('100', '1012', '2'), ('101', '1013', '3'), ('102', '1014', '2'), ('103', '1015', '3'), ('104', '1016', '4'), ('106', '1017', '4'), ('107', '1018', '50'), ('108', '1019', '3'), ('109', '1020', '50'), ('111', '1021', '3'), ('112', '1022', '50'), ('113', '1023', '3'), ('114', '1024', '50'), ('116', '1025', '3'), ('117', '1026', '50'), ('118', '1027', '50'), ('119', '1028', '3'), ('120', '1029', '50'), ('121', '1030', '3'), ('122', '1031', '50'), ('123', '1032', '50'), ('125', '1033', '3'), ('126', '1034', '50'), ('127', '1035', '2'), ('128', '1037', '50'), ('129', '1036', '3'), ('130', '1038', '50'), ('132', '1039', '2'), ('133', '1040', '50'), ('134', '1041', '3'), ('135', '1042', '50'), ('136', '1043', '50'), ('137', '1044', '2'), ('138', '1045', '50'), ('139', '1046', '2'), ('140', '1047', '50'), ('141', '1048', '50'), ('142', '1049', '50'), ('143', '1050', '50'), ('144', '1051', '50'), ('145', '1052', '50'), ('146', '1053', '50'), ('148', '1054', '50'), ('149', '1055', '50'), ('150', '1056', '50'), ('151', '1057', '50'), ('152', '1058', '50'), ('153', '1059', '50'), ('154', '1060', '50'), ('155', '1061', '2'), ('156', '1062', '2'), ('157', '1063', '2'), ('158', '1064', '2'), ('159', '1065', '2'), ('160', '1066', '2'), ('161', '1067', '2'), ('162', '1068', '2'), ('163', '1069', '2'), ('164', '1070', '2'), ('165', '1071', '2'), ('166', '1072', '2'), ('167', '1073', '2'), ('168', '992', '2');
COMMIT;

-- ----------------------------
--  Table structure for `sequence`
-- ----------------------------
DROP TABLE IF EXISTS `sequence`;
CREATE TABLE `sequence` (
  `type_code` varchar(10) COLLATE utf8_bin NOT NULL DEFAULT '',
  `counter_key` varchar(10) COLLATE utf8_bin NOT NULL DEFAULT '',
  `no_counter` int(9) DEFAULT NULL,
  PRIMARY KEY (`type_code`,`counter_key`) USING BTREE
) ENGINE=InnoDB DEFAULT CHARSET=utf8 COLLATE=utf8_bin ROW_FORMAT=COMPACT;

-- ----------------------------
--  Records of `sequence`
-- ----------------------------
BEGIN;
INSERT INTO `sequence` VALUES ('I', 'I20161021', '4'), ('I', 'I20161022', '46'), ('I', 'I20161025', '7'), ('I', 'I20161026', '4'), ('I', 'I20161027', '27'), ('I', 'I20161028', '50'), ('I', 'I20161029', '29'), ('I', 'I20161030', '38'), ('I', 'I20161103', '18'), ('I', 'I20161104', '20'), ('I', 'I20161107', '35'), ('I', 'I20161108', '102'), ('I', 'I20161116', '2'), ('I', 'I20161117', '1'), ('I', 'I20161118', '2'), ('I', 'I20161119', '24'), ('I', 'I20171230', '1'), ('I', 'I20180705', '1'), ('I', 'I20180902', '16'), ('I', 'I20180903', '48'), ('I', 'I20180904', '8'), ('I', 'I20190301', '1'), ('I', 'I20190302', '2'), ('I', 'I20190310', '2'), ('I', 'I20190313', '2'), ('I', 'I20190315', '8'), ('I', 'I20190322', '6'), ('I', 'I20190517', '6'), ('I', 'I20190605', '3'), ('I', 'I20190606', '8'), ('I', 'I20190610', '3'), ('I', 'I20190612', '9'), ('I', 'I20190613', '5'), ('I', 'I20190623', '1'), ('I', 'I20190716', '2'), ('I', 'I20190904', '12'), ('I', 'I20190905', '164'), ('I', 'I20190906', '13'), ('I', 'I20190909', '13'), ('I', 'I20190910', '2'), ('I', 'I20190911', '29'), ('I', 'I20190912', '6'), ('I', 'I20190924', '3'), ('I', 'I20190925', '18'), ('I', 'I20191021', '7'), ('I', 'I20191024', '19'), ('I', 'I20191025', '5'), ('I', 'I20191027', '3'), ('I', 'I20191127', '1'), ('I', 'I20191206', '13'), ('I', 'I20191209', '16'), ('I', 'I20191210', '13'), ('I', 'I20191212', '10'), ('I', 'I20201215', '16'), ('I', 'I20201222', '1'), ('O', 'O20161021', '2'), ('O', 'O20161022', '21'), ('O', 'O20161025', '2'), ('O', 'O20161026', '3'), ('O', 'O20161027', '22'), ('O', 'O20161028', '49'), ('O', 'O20161029', '21'), ('O', 'O20161030', '18'), ('O', 'O20161103', '7'), ('O', 'O20161104', '7'), ('O', 'O20161107', '25'), ('O', 'O20161108', '58'), ('O', 'O20161116', '1'), ('O', 'O20161117', '1'), ('O', 'O20161118', '1'), ('O', 'O20161119', '15'), ('O', 'O20171230', '1'), ('O', 'O20180705', '1'), ('O', 'O20180902', '8'), ('O', 'O20180903', '27'), ('O', 'O20180904', '6'), ('O', 'O20190301', '1'), ('O', 'O20190302', '2'), ('O', 'O20190310', '2'), ('O', 'O20190517', '2'), ('O', 'O20190605', '2'), ('O', 'O20190606', '1'), ('O', 'O20190612', '3'), ('O', 'O20190613', '1'), ('O', 'O20190904', '3'), ('O', 'O20190905', '64'), ('O', 'O20190906', '2'), ('O', 'O20190909', '1'), ('O', 'O20190910', '1'), ('O', 'O20190911', '12'), ('O', 'O20190912', '2'), ('O', 'O20190924', '1'), ('O', 'O20190925', '5'), ('O', 'O20191021', '7'), ('O', 'O20191024', '21'), ('O', 'O20191025', '5'), ('O', 'O20191027', '1'), ('O', 'O20191206', '4'), ('O', 'O20191209', '7'), ('O', 'O20191210', '4'), ('O', 'O20191212', '4'), ('O', 'O20201215', '6');
COMMIT;

-- ----------------------------
--  Table structure for `sku`
-- ----------------------------
DROP TABLE IF EXISTS `sku`;
CREATE TABLE `sku` (
  `id` int(11) NOT NULL AUTO_INCREMENT,
  `sku_json` text COLLATE utf8_bin,
  `product_id` int(11) NOT NULL,
  `quantity` int(11) DEFAULT NULL,
  `price` int(11) NOT NULL,
  `option_value_key_group` varchar(255) COLLATE utf8_bin NOT NULL,
  PRIMARY KEY (`id`) USING BTREE
) ENGINE=InnoDB AUTO_INCREMENT=521 DEFAULT CHARSET=utf8 COLLATE=utf8_bin ROW_FORMAT=COMPACT;

-- ----------------------------
--  Records of `sku`
-- ----------------------------
BEGIN;
INSERT INTO `sku` VALUES ('280', '颜色:红 材料:皮', '996', '-1', '1', '7_11'), ('281', '颜色:红 材料:棉', '996', '-1', '1', '7_12'), ('282', '颜色:红 材料:革', '996', '-1', '1', '7_13'), ('283', '颜色:红 材料:布', '996', '-1', '1', '7_14'), ('284', '颜色:黄 材料:皮', '996', '-1', '1', '8_11'), ('285', '颜色:黄 材料:棉', '996', '-1', '1', '8_12'), ('286', '颜色:黄 材料:革', '996', '-1', '1', '8_13'), ('287', '颜色:黄 材料:布', '996', '-1', '1', '8_14'), ('288', '颜色:蓝 材料:皮', '996', '-1', '1', '9_11'), ('289', '颜色:蓝 材料:棉', '996', '-1', '1', '9_12'), ('290', '颜色:蓝 材料:革', '996', '-1', '1', '9_13'), ('291', '颜色:蓝 材料:布', '996', '-1', '1', '9_14'), ('292', '颜色:绿 材料:皮', '996', '-1', '1', '10_11'), ('293', '颜色:绿 材料:棉', '996', '-1', '1', '10_12'), ('294', '颜色:绿 材料:革', '996', '-1', '1', '10_13'), ('295', '颜色:绿 材料:布', '996', '-1', '1', '10_14'), ('308', '包装:平装', '936', '17', '4800', '4'), ('309', '包装:精装', '936', '18', '6800', '5'), ('310', '包装:软精装', '936', '98', '5800', '6'), ('314', '包装:平装 颜色:红', '997', '100', '50', '4_7'), ('318', '包装:精装', '998', '1', '339900', '5'), ('319', '颜色:蓝', '999', '3', '188800', '9'), ('321', '包装:精装', '1000', '1', '84900', '5'), ('322', '材料:布', '1001', '12', '22100', '14'), ('323', '颜色:蓝', '1002', '2', '241200', '9'), ('324', '包装:精装', '1004', '1', '209900', '5'), ('325', '颜色:蓝', '1003', '2', '13400', '9'), ('326', '包装:精装', '1005', '2', '233200', '5'), ('327', '材料:革', '1006', '12', '4200', '13'), ('328', '包装:精装', '1007', '1', '279900', '5'), ('331', '包装:精装', '1009', '1', '359900', '5'), ('332', '颜色:蓝', '1008', '12', '4500', '9'), ('333', '包装:精装', '1010', '1', '509800', '5'), ('335', '包装:精装', '1011', '12', '11400', '5'), ('336', '包装:精装', '1012', '1', '619900', '5'), ('337', '颜色:蓝', '1013', '12', '4400', '9'), ('338', '颜色:绿', '1013', '1', '100', '10'), ('339', '包装:精装', '1014', '1', '129900', '5'), ('340', '颜色:蓝', '1015', '12', '900', '9'), ('341', '材料:棉', '1016', '1', '6800', '12'), ('343', '材料:布', '1017', '12', '8500', '14'), ('344', '尺码:XXL', '1018', '10', '57900', '20'), ('345', '尺码:XXXL', '1018', '10', '57900', '21'), ('346', '颜色:蓝', '1019', '1', '5900', '9'), ('347', '尺码:XL', '1020', '12', '48900', '19'), ('348', '尺码:XXL', '1020', '12', '48900', '20'), ('349', '尺码:XXXL', '1020', '12', '48900', '21'), ('350', '尺码:M', '1020', '12', '48900', '22'), ('352', '颜色:绿', '1021', '12', '3900', '10'), ('353', '尺码:L', '1022', '10', '12800', '18'), ('354', '尺码:XL', '1022', '10', '12800', '19'), ('355', '尺码:XXL', '1022', '10', '12800', '20'), ('356', '尺码:XXXL', '1022', '10', '12800', '21'), ('357', '尺码:M', '1022', '10', '12800', '22'), ('358', '颜色:绿', '1023', '4', '3200', '10'), ('359', '尺码:L', '1024', '10', '13800', '18'), ('360', '尺码:XL', '1024', '10', '13800', '19'), ('361', '尺码:XXL', '1024', '10', '13800', '20'), ('362', '尺码:XXXL', '1024', '10', '13800', '21'), ('363', '尺码:M', '1024', '10', '13800', '22'), ('365', '颜色:绿', '1025', '1', '6600', '10'), ('366', '尺码:L', '1026', '10', '25800', '18'), ('367', '尺码:XL', '1026', '10', '25800', '19'), ('368', '尺码:XXL', '1026', '10', '25800', '20'), ('369', '尺码:XXXL', '1026', '10', '25800', '21'), ('370', '尺码:M', '1026', '10', '25800', '22'), ('371', '尺码:L', '1027', '10', '108800', '18'), ('372', '尺码:XL', '1027', '10', '108800', '19'), ('373', '尺码:XXL', '1027', '10', '108800', '20'), ('374', '尺码:XXXL', '1027', '10', '108800', '21'), ('375', '尺码:M', '1027', '10', '108800', '22'), ('376', '颜色:黄', '1028', '4', '22100', '8'), ('377', '尺码:L', '1029', '10', '18000', '18'), ('378', '尺码:XL', '1029', '10', '18000', '19'), ('379', '尺码:XXL', '1029', '10', '18000', '20'), ('380', '尺码:XXXL', '1029', '10', '18000', '21'), ('381', '尺码:M', '1029', '10', '18000', '22'), ('382', '颜色:绿', '1030', '18', '990', '10'), ('383', '尺码:L', '1031', '10', '31900', '18'), ('384', '尺码:XL', '1031', '10', '31900', '19'), ('385', '尺码:XXL', '1031', '10', '31900', '20'), ('386', '尺码:XXXL', '1031', '10', '31900', '21'), ('387', '尺码:M', '1031', '10', '31900', '22'), ('388', '尺码:L', '1032', '10', '35900', '18'), ('389', '尺码:XL', '1032', '10', '35900', '19'), ('390', '尺码:XXL', '1032', '10', '35900', '20'), ('391', '尺码:XXXL', '1032', '10', '35900', '21'), ('392', '尺码:M', '1032', '10', '35900', '22'), ('394', '颜色:绿', '1033', '3', '24300', '10'), ('395', '尺码:L', '1034', '10', '34800', '18'), ('396', '尺码:XL', '1034', '10', '34800', '19'), ('397', '尺码:XXL', '1034', '10', '34800', '20'), ('398', '尺码:XXXL', '1034', '10', '34800', '21'), ('399', '尺码:M', '1034', '10', '34800', '22'), ('400', '包装:体积', '1035', '3', '12200', '16'), ('401', '尺码:L', '1037', '10', '7800', '18'), ('402', '尺码:XL', '1037', '10', '7800', '19'), ('403', '尺码:XXL', '1037', '10', '7800', '20'), ('404', '尺码:XXXL', '1037', '10', '7800', '21'), ('405', '尺码:M', '1037', '10', '7800', '22'), ('406', '颜色:绿', '1036', '4', '18000', '10'), ('407', '尺码:L', '1038', '10', '26800', '18'), ('408', '尺码:XL', '1038', '10', '26800', '19'), ('409', '尺码:XXL', '1038', '10', '26800', '20'), ('410', '尺码:XXXL', '1038', '10', '26800', '21'), ('411', '尺码:M', '1038', '10', '26800', '22'), ('413', '包装:重量', '1039', '3', '15500', '15'), ('414', '尺码:L', '1040', '10', '6000', '18'), ('415', '尺码:XL', '1040', '10', '6000', '19'), ('416', '尺码:XXL', '1040', '10', '6000', '20'), ('417', '尺码:XXXL', '1040', '10', '6000', '21'), ('418', '尺码:M', '1040', '10', '6000', '22'), ('419', '颜色:绿', '1041', '14', '12300', '10'), ('420', '尺码:L', '1042', '10', '45900', '18'), ('421', '尺码:XL', '1042', '10', '45900', '19'), ('422', '尺码:XXL', '1042', '10', '45900', '20'), ('423', '尺码:XXXL', '1042', '10', '45900', '21'), ('424', '尺码:M', '1042', '10', '45900', '22'), ('425', '尺码:L', '1043', '10', '21900', '18'), ('426', '尺码:XL', '1043', '10', '21900', '19'), ('427', '尺码:XXL', '1043', '10', '21900', '20'), ('428', '尺码:XXXL', '1043', '10', '21900', '21'), ('429', '尺码:M', '1043', '10', '21900', '22'), ('430', '包装:重量', '1044', '3', '3900', '15'), ('431', '尺码:L', '1045', '10', '5900', '18'), ('432', '尺码:XL', '1045', '10', '5900', '19'), ('433', '尺码:XXL', '1045', '10', '5900', '20'), ('434', '尺码:XXXL', '1045', '10', '5900', '21'), ('435', '尺码:M', '1045', '10', '5900', '22'), ('436', '包装:精装', '1046', '13', '2100', '5'), ('437', '尺码:L', '1047', '10', '27800', '18'), ('438', '尺码:XL', '1047', '10', '27800', '19'), ('439', '尺码:XXL', '1047', '10', '27800', '20'), ('440', '尺码:XXXL', '1047', '10', '27800', '21'), ('441', '尺码:M', '1047', '10', '27800', '22'), ('442', '尺码:L', '1048', '10', '14900', '18'), ('443', '尺码:XL', '1048', '10', '14900', '19'), ('444', '尺码:XXL', '1048', '10', '14900', '20'), ('445', '尺码:XXXL', '1048', '10', '14900', '21'), ('446', '尺码:M', '1048', '10', '14900', '22'), ('447', '尺码:L', '1049', '10', '34900', '18'), ('448', '尺码:XL', '1049', '10', '34900', '19'), ('449', '尺码:XXL', '1049', '10', '34900', '20'), ('450', '尺码:XXXL', '1049', '10', '34900', '21'), ('451', '尺码:M', '1049', '10', '34900', '22'), ('452', '尺码:L', '1050', '10', '31800', '18'), ('453', '尺码:XL', '1050', '10', '31800', '19'), ('454', '尺码:XXL', '1050', '10', '31800', '20'), ('455', '尺码:XXXL', '1050', '10', '31800', '21'), ('456', '尺码:M', '1050', '10', '31800', '22'), ('457', '尺码:L', '1051', '10', '23900', '18'), ('458', '尺码:XL', '1051', '10', '23900', '19'), ('459', '尺码:XXL', '1051', '10', '23900', '20'), ('460', '尺码:XXXL', '1051', '10', '23900', '21'), ('461', '尺码:M', '1051', '10', '23900', '22'), ('462', '尺码:L', '1052', '10', '18900', '18'), ('463', '尺码:XL', '1052', '10', '18900', '19'), ('464', '尺码:XXL', '1052', '10', '18900', '20'), ('465', '尺码:XXXL', '1052', '10', '18900', '21'), ('466', '尺码:M', '1052', '10', '18900', '22'), ('467', '尺码:L', '1053', '10', '9900', '18'), ('468', '尺码:XL', '1053', '10', '9900', '19'), ('469', '尺码:XXL', '1053', '10', '9900', '20'), ('470', '尺码:XXXL', '1053', '10', '9900', '21'), ('471', '尺码:M', '1053', '10', '9900', '22'), ('474', '尺码:L', '1054', '25', '4500', '18'), ('475', '尺码:XL', '1054', '25', '4500', '19'), ('476', '尺码:L', '1055', '10', '6900', '18'), ('477', '尺码:XL', '1055', '10', '6900', '19'), ('478', '尺码:XXL', '1055', '10', '6900', '20'), ('479', '尺码:XXXL', '1055', '10', '6900', '21'), ('480', '尺码:M', '1055', '10', '6900', '22'), ('481', '尺码:L', '1056', '10', '14800', '18'), ('482', '尺码:XL', '1056', '10', '14800', '19'), ('483', '尺码:XXL', '1056', '10', '14800', '20'), ('484', '尺码:XXXL', '1056', '10', '14800', '21'), ('485', '尺码:M', '1056', '10', '14800', '22'), ('486', '尺码:L', '1057', '10', '22800', '18'), ('487', '尺码:XL', '1057', '10', '22800', '19'), ('488', '尺码:XXL', '1057', '10', '22800', '20'), ('489', '尺码:XXXL', '1057', '10', '22800', '21'), ('490', '尺码:M', '1057', '10', '22800', '22'), ('491', '尺码:L', '1058', '10', '11800', '18'), ('492', '尺码:XL', '1058', '10', '11800', '19'), ('493', '尺码:XXL', '1058', '10', '11800', '20'), ('494', '尺码:XXXL', '1058', '10', '11800', '21'), ('495', '尺码:M', '1058', '10', '11800', '22'), ('496', '尺码:L', '1059', '10', '14800', '18'), ('497', '尺码:XL', '1059', '10', '14800', '19'), ('498', '尺码:XXL', '1059', '10', '14800', '20'), ('499', '尺码:XXXL', '1059', '10', '14800', '21'), ('500', '尺码:M', '1059', '10', '14800', '22'), ('501', '尺码:L', '1060', '10', '14900', '18'), ('502', '尺码:XL', '1060', '10', '14900', '19'), ('503', '尺码:XXL', '1060', '10', '14900', '20'), ('504', '尺码:XXXL', '1060', '10', '14899', '21'), ('505', '尺码:M', '1060', '10', '14900', '22'), ('506', '包装:精装', '1061', '50', '221000', '5'), ('507', '包装:精装', '1062', '12', '6600', '5'), ('508', '包装:精装', '1063', '3', '3400', '5'), ('509', '包装:重量', '1064', '4', '6600', '15'), ('510', '包装:精装', '1065', '6', '3700', '5'), ('511', '包装:重量', '1066', '8', '7900', '15'), ('512', '包装:平装', '1067', '5', '5100', '4'), ('513', '包装:平装', '1068', '3', '9000', '4'), ('514', '包装:平装', '1069', '2', '4000', '4'), ('515', '包装:平装', '1070', '8', '8800', '4'), ('516', '包装:平装', '1071', '4', '3200', '4'), ('517', '包装:平装', '1072', '6', '9000', '4'), ('518', '包装:平装', '1073', '14', '2000', '4'), ('519', '包装:精装', '992', '1', '12000', '5'), ('520', '包装:软精装', '992', '1', '13000', '6');
COMMIT;

-- ----------------------------
--  Table structure for `slide`
-- ----------------------------
DROP TABLE IF EXISTS `slide`;
CREATE TABLE `slide` (
  `id` int(10) NOT NULL AUTO_INCREMENT,
  `name` varchar(255) DEFAULT NULL,
  `sort_order` int(10) NOT NULL,
  `description` text,
  `image` varchar(255) DEFAULT NULL,
  `update_time` datetime DEFAULT NULL,
  `update_user_id` int(11) DEFAULT NULL,
  PRIMARY KEY (`id`) USING BTREE
) ENGINE=InnoDB AUTO_INCREMENT=48 DEFAULT CHARSET=utf8 ROW_FORMAT=DYNAMIC;

-- ----------------------------
--  Records of `slide`
-- ----------------------------
BEGIN;
INSERT INTO `slide` VALUES ('2', '蔬菜蛋类', '2', '蔬菜蛋类', '/resources/upload/ec2d89fc8f9b472ba07245800c7e16a8.jpg', '2019-12-09 15:31:46', '3'), ('44', '首页展示男装', '999', '冬季男装新款上市', '/resources/upload/4c185e08a2f7467d849cd22f10ce1847.jpg', '2019-12-10 14:58:47', '3'), ('45', '首页展示女装', '998', '女装新款', '/resources/upload/7c3167b8040b4742a2c9fd4b666412f0.jpg', '2019-12-09 15:31:32', '3'), ('47', '首页显示书籍', '12', '', '/resources/upload/4f94fd3635aa4b65a2672b5147b073cb.jpg', '2019-12-09 16:09:40', '3');
COMMIT;

-- ----------------------------
--  Table structure for `system_data_dict_sys`
-- ----------------------------
DROP TABLE IF EXISTS `system_data_dict_sys`;
CREATE TABLE `system_data_dict_sys` (
  `id` int(11) NOT NULL AUTO_INCREMENT COMMENT '系统主键',
  `dict_type` varchar(40) DEFAULT NULL COMMENT '类别',
  `dict_code` varchar(40) DEFAULT NULL COMMENT '编号',
  `dict_name` varchar(200) DEFAULT NULL COMMENT '名称',
  `remark` varchar(500) DEFAULT NULL COMMENT '备注',
  `flag_status` decimal(1,0) DEFAULT NULL COMMENT '状态',
  `flag_sort` decimal(10,0) DEFAULT NULL COMMENT '序号',
  `make_emp` int(11) DEFAULT NULL COMMENT '制作人',
  `make_date` datetime DEFAULT NULL COMMENT '制作时间',
  `modify_emp` int(11) DEFAULT NULL COMMENT '末次修改人',
  `modify_date` datetime DEFAULT NULL COMMENT '末次修改时间',
  PRIMARY KEY (`id`) USING BTREE
) ENGINE=InnoDB AUTO_INCREMENT=12 DEFAULT CHARSET=utf8 ROW_FORMAT=COMPACT;

-- ----------------------------
--  Records of `system_data_dict_sys`
-- ----------------------------
BEGIN;
INSERT INTO `system_data_dict_sys` VALUES ('1', '10', '1', '游戏', 'dasdasfasd', '0', '10', '2', '2019-01-10 13:48:35', '5', '2019-01-10 13:48:48'), ('2', '11', '1', '如何学习java', 'dasdasfasd', '-1', '10', '2', '2019-01-10 13:48:35', '5', '2019-01-10 13:48:48'), ('3', '10', '1', '读书', 'rere', '0', '10', '2', '2019-01-10 13:48:35', '5', '2019-01-10 13:48:48'), ('4', '10', '1', '心情', 'rere', '0', '10', '2', '2019-01-10 13:48:35', '5', '2019-01-10 13:48:48'), ('5', '10', '1', '旅游', 'rere', '0', '10', '2', '2019-01-10 13:48:35', '5', '2019-01-10 13:48:48'), ('6', '10', '1', '工作', 'rere', '0', '10', '2', '2019-01-10 13:48:35', '5', '2019-01-10 13:48:48'), ('7', '10', '1', '爱情', 'rere', '0', '10', '2', '2019-01-10 13:48:35', '5', '2019-01-10 13:48:48'), ('8', '11', '1', 'csdn论坛', 'dasdasfasd', '-1', '10', '2', '2019-01-10 13:48:35', '5', '2019-01-10 13:48:48'), ('9', '11', '1', '吾爱破解', 'dasdasfasd', '-1', '10', '2', '2019-01-10 13:48:35', '5', '2019-01-10 13:48:48'), ('10', '11', '1', '大学生活', 'dasdasfasd', '-1', '10', '2', '2019-01-10 13:48:35', '5', '2019-01-10 13:48:48'), ('11', '11', '1', '单身程序猿的世界', 'dasdasfasd', '-1', '10', '2', '2019-01-10 13:48:35', '5', '2019-01-10 13:48:48');
COMMIT;

-- ----------------------------
--  Table structure for `system_notice`
-- ----------------------------
DROP TABLE IF EXISTS `system_notice`;
CREATE TABLE `system_notice` (
  `id` int(11) NOT NULL AUTO_INCREMENT,
  `notice_type` int(11) DEFAULT NULL COMMENT ' 通知类别1:全部 2:人员',
  `notice_date` datetime DEFAULT NULL COMMENT '通知时间',
  `notice_info` varchar(800) DEFAULT NULL COMMENT '通知内容',
  `bill_pkid` int(11) DEFAULT NULL COMMENT '业务单据系统主键',
  `to_emp` int(11) DEFAULT NULL COMMENT '通知接收人',
  `flag_status` int(11) DEFAULT NULL COMMENT '状态  0 发送；1 接收',
  `receive_emp` int(11) DEFAULT NULL COMMENT '实际接收人',
  `make_emp` int(11) DEFAULT NULL COMMENT '制作人',
  `make_date` datetime DEFAULT NULL COMMENT '制作时间',
  `modify_emp` int(11) DEFAULT NULL COMMENT '末次修改人',
  `modify_date` datetime DEFAULT NULL COMMENT '末次修改时间',
  PRIMARY KEY (`id`) USING BTREE
) ENGINE=InnoDB DEFAULT CHARSET=utf8 ROW_FORMAT=COMPACT;

-- ----------------------------
--  Table structure for `user`
-- ----------------------------
DROP TABLE IF EXISTS `user`;
CREATE TABLE `user` (
  `id` int(5) NOT NULL AUTO_INCREMENT,
  `user_name` varchar(50) COLLATE utf8_bin NOT NULL,
  `pwd` varchar(100) COLLATE utf8_bin NOT NULL,
  `nickname` varchar(50) COLLATE utf8_bin DEFAULT NULL,
  `email` varchar(50) COLLATE utf8_bin DEFAULT NULL,
  `enabled` int(2) NOT NULL DEFAULT '0',
  `open_id` varchar(50) COLLATE utf8_bin DEFAULT NULL,
  `oauth_type` varchar(50) COLLATE utf8_bin DEFAULT NULL,
  `image` varchar(255) COLLATE utf8_bin DEFAULT NULL,
  `last_login_time` datetime DEFAULT NULL,
  `register_time` datetime DEFAULT NULL,
  `CREATED_AT` datetime DEFAULT NULL,
  `integration` int(8) unsigned DEFAULT '0',
  `recharge` double(10,2) DEFAULT '0.00',
  PRIMARY KEY (`id`) USING BTREE,
  UNIQUE KEY `user_name` (`user_name`) USING BTREE
) ENGINE=InnoDB AUTO_INCREMENT=123540 DEFAULT CHARSET=utf8 COLLATE=utf8_bin ROW_FORMAT=DYNAMIC;

-- ----------------------------
--  Records of `user`
-- ----------------------------
BEGIN;
INSERT INTO `user` VALUES ('1', 'leo', 'e10adc3949ba59abbe56e057f20f883e', '罗松', 'leo@163.com', '1', '34k63b5aa765d61d8327deb882cf99', 'QQ', 'static/1.jpg', '2019-09-12 10:58:42', '2016-10-21 11:35:43', null, '50', '2000.00'), ('3', 'admin', '4297f44b13955235245b2497399d7a93', '管理员', 'admin@163.com', '1', null, null, 'static/1.jpg', '2021-04-29 14:55:51', null, null, '0', '10000.00'), ('554', '17767746537', '4297f44b13955235245b2497399d7a93', '韩明', 'hanming163.com', '1', null, null, 'static/1.jpg', '2020-12-22 15:18:25', '2016-10-25 16:51:52', null, '618', '1796.00'), ('123456', '17162150000', '21232f297a57a5a743894a0e4a801fc3', '韩光', 'hanguan163.com', '1', '123456', '123456', 'static/1.jpg', '2016-10-21 21:52:54', '2016-10-21 20:02:29', null, '100', '2000.00'), ('123468', '17162150276', '21232f297a57a5a743894a0e4a801fc3', '李强', 'liqiang163.com', '1', null, null, 'static/1.jpg', '2016-11-08 22:39:34', '2016-10-22 20:56:13', null, '300', '600.00'), ('123473', '17162150285', '21232f297a57a5a743894a0e4a801fc3', '孙鹏', 'sunpeng163.com', '1', null, null, 'static/1.jpg', '2019-09-09 20:01:47', '2016-10-22 21:43:53', null, '300', '2000.00'), ('123474', '17162150294', '21232f297a57a5a743894a0e4a801fc3', '朱雨', 'zhuyu163.com', '1', null, null, 'static/1.jpg', '2019-09-12 16:16:06', '2016-10-23 11:30:09', null, '0', '1100.00'), ('123482', '17162150303', '21232f297a57a5a743894a0e4a801fc3', '季明亮', 'jimingliang163.com', '1', null, null, 'static/1.jpg', '2016-10-25 16:27:07', '2016-10-24 14:10:42', null, '0', '2000.00'), ('123483', '17162150312', '21232f297a57a5a743894a0e4a801fc3', '何刚', 'hegang163.com', '1', null, null, 'static/1.jpg', '2016-10-24 16:31:56', '2016-10-24 16:31:56', null, '0', '2000.00'), ('123484', '17162150321', '21232f297a57a5a743894a0e4a801fc3', '何书明', 'heshuming163.com', '1', null, null, 'static/1.jpg', '2016-11-09 11:10:58', '2016-10-25 16:15:10', null, '0', '2000.00'), ('123485', '17162150330', '21232f297a57a5a743894a0e4a801fc3', '杜镇宇', 'duzhenyu163.com', '1', null, null, 'static/1.jpg', '2019-09-12 16:12:57', '2016-10-25 16:38:46', null, '0', '2000.00'), ('123486', '17162150331', '21232f297a57a5a743894a0e4a801fc3', '李建强', 'lijianqiang163.com', '1', null, null, 'static/1.jpg', '2018-09-04 15:41:47', '2016-10-25 16:45:19', null, '0', '2000.00'), ('123488', '17162150340', '21232f297a57a5a743894a0e4a801fc3', '吴峰', 'wufeng163.com', '1', null, null, 'static/1.jpg', '2016-10-25 17:00:17', '2016-10-25 17:00:17', null, '0', '2000.00'), ('123489', '17162150367', '21232f297a57a5a743894a0e4a801fc3', '吴伟', 'wuwei163.com', '1', null, null, 'static/1.jpg', '2016-10-25 17:06:13', '2016-10-25 17:06:13', null, '0', '2000.00'), ('123490', '17162150376 ', '21232f297a57a5a743894a0e4a801fc3', '高峰', 'gaofeng163.com', '1', null, null, 'static/1.jpg', '2016-10-25 17:08:29', '2016-10-25 17:08:29', null, '0', '2000.00'), ('123491', '17162150373', '21232f297a57a5a743894a0e4a801fc3', '杜刚', 'dugang163.com', '1', null, null, 'static/1.jpg', '2016-10-25 17:36:16', '2016-10-25 17:36:16', null, '0', '2000.00'), ('123505', '17162150372', '21232f297a57a5a743894a0e4a801fc3', '徐光', 'xuguang163.com', '1', null, null, 'static/1.jpg', '2016-10-25 17:55:50', '2016-10-25 17:55:50', null, '0', '2000.00'), ('123506', '17162150344', '21232f297a57a5a743894a0e4a801fc3', '徐强', 'xuqiang163.com', '1', null, null, 'static/1.jpg', '2016-10-25 17:56:24', '2016-10-25 17:56:24', null, '0', '2000.00'), ('123507', '17162150370 ', '21232f297a57a5a743894a0e4a801fc3', '朱辉', 'zhuhui163.com', '1', null, null, 'static/1.jpg', '2016-10-25 18:03:39', '2016-10-25 18:03:39', null, '0', '2000.00'), ('123508', '17162150424 ', '21232f297a57a5a743894a0e4a801fc3', '谢强', 'xieqiang163.com', '1', null, null, 'static/1.jpg', '2016-10-25 18:04:52', '2016-10-25 18:04:52', null, '0', '2000.00'), ('123509', '17162150452', '21232f297a57a5a743894a0e4a801fc3', '谢小飞', 'xiexiaofei163.com', '1', null, null, 'static/1.jpg', '2016-10-27 14:54:47', '2016-10-27 14:54:47', null, '0', '2000.00'), ('123516', '17162150453', '21232f297a57a5a743894a0e4a801fc3', '张明刚', 'zhangminggang163.com', '1', null, null, 'static/1.jpg', '2016-10-28 13:06:43', '2016-10-28 13:06:43', null, '0', '2000.00'), ('123517', '17162150463', '21232f297a57a5a743894a0e4a801fc3', '马大鹏', 'madapeng163.com', '1', null, null, 'static/1.jpg', '2016-10-29 16:59:43', '2016-10-29 16:59:43', null, '0', '2000.00'), ('123518', '13898940294', '4297f44b13955235245b2497399d7a93', '轻语', '842693119@qq.com', '1', null, null, null, '2019-10-18 07:51:29', '2019-10-18 07:51:29', null, '0', '2000.00'), ('123519', '15140610921', 'd41d8cd98f00b204e9800998ecf8427e', '大鹏', '2626294002@qq.com', '1', null, null, null, '2019-10-24 16:39:20', '2019-10-24 16:39:20', null, '0', '2000.00'), ('123520', '15140610821', 'd41d8cd98f00b204e9800998ecf8427e', null, null, '1', null, null, null, '2019-10-24 17:16:41', '2019-10-24 17:16:41', null, '3000', '2000.00'), ('123521', '15140610000', 'd41d8cd98f00b204e9800998ecf8427e', null, null, '1', null, null, null, '2019-10-25 17:01:11', '2019-10-25 17:01:11', null, '0', '2000.00'), ('123522', '15140620965', 'e10adc3949ba59abbe56e057f20f883e', null, null, '1', null, null, null, '2019-12-06 16:27:44', '2019-12-06 16:27:24', null, '0', '2000.00'), ('123523', '15140670967', 'e10adc3949ba59abbe56e057f20f883e', null, null, '1', null, null, null, '2019-12-06 16:32:25', '2019-12-06 16:31:56', null, '0', '78828.00'), ('123524', '15140680968', 'e10adc3949ba59abbe56e057f20f883e', null, null, '1', null, null, null, '2019-12-06 16:44:05', '2019-12-06 16:43:47', null, '0', '2000.00'), ('123525', '15140270927', '202cb962ac59075b964b07152d234b70', null, null, '1', null, null, null, '2019-12-09 14:49:33', '2019-12-09 14:49:33', null, '0', '700.00'), ('123526', '15140210001', '202cb962ac59075b964b07152d234b70', null, null, '1', null, null, null, '2019-12-09 14:50:00', '2019-12-09 14:50:00', null, '0', '700.00'), ('123527', '15140210002', '202cb962ac59075b964b07152d234b70', null, null, '1', null, null, null, '2019-12-09 14:51:14', '2019-12-09 14:51:14', null, '0', '700.00'), ('123528', '15140210003', 'e10adc3949ba59abbe56e057f20f883e', null, null, '1', null, null, null, '2019-12-09 14:56:31', '2019-12-09 14:56:00', null, '0', '700.00'), ('123529', '15140210005', 'e10adc3949ba59abbe56e057f20f883e', null, null, '1', null, null, null, '2019-12-09 15:07:38', '2019-12-09 15:07:38', null, '0', '700.00'), ('123530', '15140210006', 'e10adc3949ba59abbe56e057f20f883e', null, null, '1', null, null, null, '2019-12-09 16:23:52', '2019-12-09 16:23:39', null, '0', '20602.00'), ('123531', '15140210007', 'e10adc3949ba59abbe56e057f20f883e', null, null, '1', null, null, null, '2019-12-09 16:39:36', '2019-12-09 16:39:24', null, '0', '74692.00'), ('123532', '15140210011', 'e10adc3949ba59abbe56e057f20f883e', null, null, '1', null, null, null, '2019-12-10 14:59:39', '2019-12-10 14:59:26', null, '0', '79804.00'), ('123533', '15140210012', 'e10adc3949ba59abbe56e057f20f883e', null, null, '1', null, null, null, '2019-12-10 15:07:11', '2019-12-10 15:06:43', null, '0', '1788.00'), ('123534', '15140210015', 'e10adc3949ba59abbe56e057f20f883e', null, null, '1', null, null, null, '2019-12-12 16:38:23', '2019-12-12 16:38:23', null, '0', '700.00'), ('123535', '15140210016', 'e10adc3949ba59abbe56e057f20f883e', null, null, '1', null, null, null, '2019-12-12 16:43:23', '2019-12-12 16:43:23', null, '0', '700.00'), ('123536', '15140210017', 'e10adc3949ba59abbe56e057f20f883e', null, null, '1', null, null, null, '2019-12-12 17:13:34', '2019-12-12 16:49:45', null, '34', '308.00'), ('123537', '15140210019', 'e10adc3949ba59abbe56e057f20f883e', null, null, '1', null, null, null, '2019-12-13 11:34:00', '2019-12-13 11:34:00', null, '0', '700.00'), ('123538', '15140210020', 'e10adc3949ba59abbe56e057f20f883e', null, null, '1', null, null, null, '2019-12-13 11:35:49', '2019-12-13 11:35:49', null, '0', '700.00'), ('123539', '15140210022', 'd1c189b0a30f7f66c0c955eb0f00b228', null, null, '1', null, null, null, '2019-12-13 11:43:26', '2019-12-13 11:42:37', null, '0', '700.00');
COMMIT;

-- ----------------------------
--  Table structure for `user_roles`
-- ----------------------------
DROP TABLE IF EXISTS `user_roles`;
CREATE TABLE `user_roles` (
  `user_role_id` int(11) NOT NULL AUTO_INCREMENT,
  `username` varchar(45) COLLATE utf8_bin NOT NULL,
  `role` varchar(45) COLLATE utf8_bin NOT NULL,
  PRIMARY KEY (`user_role_id`) USING BTREE
) ENGINE=InnoDB AUTO_INCREMENT=50 DEFAULT CHARSET=utf8 COLLATE=utf8_bin ROW_FORMAT=DYNAMIC;

-- ----------------------------
--  Records of `user_roles`
-- ----------------------------
BEGIN;
INSERT INTO `user_roles` VALUES ('1', 'admin', 'ROLE_ADMIN'), ('6', 'leo', 'ROLE_ADMIN'), ('7', 'hanming', 'ROLE_ADMIN'), ('8', 'hanguan', 'ROLE_ADMIN'), ('9', 'liqiang', 'ROLE_ADMIN'), ('10', 'sunpeng', 'ROLE_ADMIN'), ('11', 'zhuyu', 'ROLE_ADMIN'), ('12', 'jimingliang', 'ROLE_ADMIN'), ('13', 'hegang', 'ROLE_ADMIN'), ('14', 'heshuming', 'ROLE_USER'), ('15', 'duzhenyu', 'ROLE_USER'), ('16', 'lijianqiang', 'ROLE_ADMIN'), ('17', 'wufeng', 'ROLE_ADMIN'), ('18', 'wuwei', 'ROLE_ADMIN'), ('19', 'gaofeng', 'ROLE_ADMIN'), ('20', 'dugang', 'ROLE_USER'), ('21', 'xuguang', 'ROLE_USER'), ('22', 'xuqiang', 'ROLE_ADMIN'), ('23', 'zhuhui', 'ROLE_ADMIN'), ('24', 'xieqiang', 'ROLE_ADMIN'), ('25', 'xiexiaofei', 'ROLE_ADMIN'), ('26', 'zhangminggang', 'ROLE_USER'), ('27', 'madapeng', 'ROLE_USER'), ('28', '13898940294', 'ROLE_USER'), ('29', '15140610921', 'ROLE_ADMIN'), ('30', '15140610821', 'ROLE_ADMIN'), ('31', '15140610000', 'ROLE_ADMIN'), ('32', '15140620965', 'ROLE_USER'), ('33', '15140670967', 'ROLE_USER'), ('34', '15140680968', 'ROLE_USER'), ('35', '15140270927', 'ROLE_USER'), ('36', '15140210001', 'ROLE_USER'), ('37', '15140210002', 'ROLE_USER'), ('38', '15140210003', 'ROLE_USER'), ('39', '15140210005', 'ROLE_USER'), ('40', '15140210006', 'ROLE_USER'), ('41', '15140210007', 'ROLE_USER'), ('42', '15140210011', 'ROLE_USER'), ('43', '15140210012', 'ROLE_USER'), ('44', '15140210015', 'ROLE_USER'), ('45', '15140210016', 'ROLE_USER'), ('46', '15140210017', 'ROLE_USER'), ('47', '15140210019', 'ROLE_USER'), ('48', '15140210020', 'ROLE_USER'), ('49', '15140210022', 'ROLE_USER');
COMMIT;

-- ----------------------------
--  Table structure for `user_vip`
-- ----------------------------
DROP TABLE IF EXISTS `user_vip`;
CREATE TABLE `user_vip` (
  `id` int(5) NOT NULL AUTO_INCREMENT COMMENT 'vip的id',
  `user_id` int(11) DEFAULT NULL COMMENT '用户的主键',
  `create_time` datetime DEFAULT NULL,
  `vip_name` varchar(50) COLLATE utf8_bin DEFAULT 'VIP会员' COMMENT 'VIP会员',
  PRIMARY KEY (`id`) USING BTREE
) ENGINE=InnoDB AUTO_INCREMENT=7 DEFAULT CHARSET=utf8 COLLATE=utf8_bin ROW_FORMAT=DYNAMIC;

-- ----------------------------
--  Records of `user_vip`
-- ----------------------------
BEGIN;
INSERT INTO `user_vip` VALUES ('2', '123482', '2019-12-23 15:57:46', 'VIP会员'), ('6', '123518', '2019-12-24 10:10:11', 'VIP会员');
COMMIT;

-- ----------------------------
--  Table structure for `wishlist`
-- ----------------------------
DROP TABLE IF EXISTS `wishlist`;
CREATE TABLE `wishlist` (
  `id` int(5) NOT NULL AUTO_INCREMENT,
  `product_id` int(5) NOT NULL,
  `option_value_ids` varchar(255) COLLATE utf8_bin DEFAULT NULL,
  `user_id` int(5) NOT NULL,
  `mark_time` datetime DEFAULT NULL,
  PRIMARY KEY (`id`) USING BTREE
) ENGINE=InnoDB AUTO_INCREMENT=280 DEFAULT CHARSET=utf8 COLLATE=utf8_bin ROW_FORMAT=COMPACT;

-- ----------------------------
--  Records of `wishlist`
-- ----------------------------
BEGIN;
INSERT INTO `wishlist` VALUES ('195', '940', null, '123484', '2016-11-03 14:47:16'), ('196', '939', null, '123484', '2016-11-03 14:47:21'), ('197', '938', null, '123484', '2016-11-03 14:47:25'), ('198', '937', null, '123484', '2016-11-03 14:47:26'), ('200', '934', null, '123484', '2016-11-03 15:38:44'), ('201', '935', null, '123484', '2016-11-03 15:38:45'), ('202', '936', null, '123484', '2016-11-03 15:38:46'), ('203', '949', null, '123484', '2016-11-03 15:38:47'), ('213', '941', null, '123484', '2016-11-03 17:09:48'), ('220', '940', null, '123521', '2016-11-08 20:15:51'), ('221', '998', null, '123521', '2016-11-08 20:17:57'), ('244', '939', null, '123522', '2016-11-19 09:50:12'), ('255', '935', null, '123531', '2018-08-26 11:27:19'), ('256', '933', null, '123531', '2018-08-27 00:14:50'), ('257', '935', null, '123486', '2018-09-02 21:42:15'), ('259', '935', null, '123535', '2019-03-13 10:56:01'), ('260', '934', null, '123535', '2019-05-17 14:39:49'), ('261', '935', null, '123544', '2019-06-23 12:04:17'), ('262', '935', null, '554', '2019-09-12 16:33:58'), ('263', '935', null, '123468', '2019-09-26 16:13:21'), ('265', '933', null, '123468', '2019-09-26 16:13:29'), ('266', '934', null, '123518', '2019-10-21 00:12:23'), ('268', '943', null, '123518', '2019-10-21 08:48:28'), ('269', '944', null, '123518', '2019-10-21 10:29:12'), ('270', '933', null, '123518', '2019-10-22 00:30:19'), ('271', '935', null, '123518', '2019-10-22 00:37:39'), ('272', '945', null, '123525', '2019-11-27 09:34:39'), ('274', '944', null, '123524', '2019-12-06 16:44:24'), ('275', '943', null, '123530', '2019-12-09 16:25:38'), ('276', '943', null, '123532', '2019-12-10 15:00:49'), ('277', '945', null, '123531', '2019-12-10 15:04:34'), ('278', '945', null, '554', '2020-12-15 08:40:25'), ('279', '945', null, '554', '2020-12-15 08:40:25');
COMMIT;

-- ----------------------------
--  View structure for `view_vip`
-- ----------------------------
DROP VIEW IF EXISTS `view_vip`;
CREATE ALGORITHM=UNDEFINED DEFINER=`root`@`localhost` SQL SECURITY DEFINER VIEW `view_vip` AS select `uv`.`vip_name` AS `vip_name`,`u`.`user_name` AS `user_name`,count(`oi`.`user_id`) AS `purchase_times` from ((`user_vip` `uv` left join `user` `u` on((`u`.`id` = `uv`.`user_id`))) left join `order_info` `oi` on((`uv`.`user_id` = `oi`.`user_id`))) group by `oi`.`user_id`;

-- ----------------------------
--  Procedure structure for `exaple_while`
-- ----------------------------
DROP PROCEDURE IF EXISTS `exaple_while`;
delimiter ;;
CREATE DEFINER=`root`@`localhost` PROCEDURE `exaple_while`()
BEGIN
-- 定义一个i变量  此变量默认初始值为1
DECLARE i INT DEFAULT 1;
-- 开始循环判断i是否大于100  如果是则执行添加语句
WHILE i<=100 DO
INSERT INTO footprint(user_id,product_id,date_time) VALUES (554,933,NOW());
-- 执行一次添加语句数值加一
SET i = i+1;
END WHILE;
END
 ;;
delimiter ;

SET FOREIGN_KEY_CHECKS = 1;
